timestamp,mode,battery_percent,voltage_v,charge_power_w,discharge_power_w,active_power_w,avg_power_1m_w,avg_power_5m_w,current_a,remaining_wh,full_capacity_wh,design_capacity_wh,wear_level_percent,battery_health_percent,cycle_count,time_to_full_h,time_to_empty_h
2026-08-17T17:41:54,charge,71.99300329652375,12.647,26.862,0.0,26.862,26.862,26.862,2.123981972009172,74.908,104.049,103.317,0.0,100.0,31,1.0848410393864942,
2026-08-17T17:41:55,charge,72.0151082662976,12.644,26.856,0.0,26.856,26.859,26.859,2.1240113888010126,74.931,104.049,103.317,0.0,100.0,31,1.084105886295097,
2026-08-17T17:41:56,charge,72.0151082662976,12.645,26.858,0.0,26.858,26.858666666666664,26.858666666666664,2.1240015816528275,74.931,104.049,103.317,0.0,100.0,31,1.0841193407466247,
2026-08-17T17:41:57,charge,72.0266412940057,12.645,26.63,0.0,26.63,26.8015,26.8015,2.1059707394226965,74.943,104.049,103.317,0.0,100.0,31,1.0859839934332036,
2026-08-17T17:41:58,charge,72.0266412940057,12.647,26.85,0.0,26.85,26.811200000000003,26.811200000000003,2.123033130386653,74.943,104.049,103.317,0.0,100.0,31,1.0855910962582804,
2026-08-17T17:41:59,charge,72.0266412940057,12.646,26.847,0.0,26.847,26.817166666666665,26.817166666666665,2.122963783014392,74.943,104.049,103.317,0.0,100.0,31,1.0853495584296133,
2026-08-17T17:42:00,charge,72.04874626377955,12.646,26.847,0.0,26.847,26.821428571428573,26.821428571428573,2.122963783014392,74.966,104.049,103.317,0.0,100.0,31,1.084319573901465,
2026-08-17T17:42:01,charge,72.05931820584533,12.646,26.86,0.0,26.86,26.82625,26.82625,2.1239917760556697,74.977,104.049,103.317,0.0,100.0,31,1.083714645170309,
2026-08-17T17:42:02,charge,72.05931820584533,12.648,26.864,0.0,26.864,26.830444444444442,26.830444444444442,2.1239721695129665,74.977,104.049,103.317,0.0,100.0,31,1.0835452264011862,
2026-08-17T17:42:04,charge,72.05931820584533,12.648,26.852,0.0,26.852,26.832600000000003,26.832600000000003,2.123023402909551,74.977,104.049,103.317,0.0,100.0,31,1.0834581814658288,
2026-08-17T17:42:05,charge,72.08238426126152,12.647,26.761,0.0,26.761,26.826090909090908,26.826090909090908,2.115995888352969,75.001,104.049,103.317,0.0,100.0,31,1.082826420682714,
2026-08-17T17:42:06,charge,72.08238426126152,12.647,26.761,0.0,26.761,26.820666666666668,26.820666666666668,2.115995888352969,75.001,104.049,103.317,0.0,100.0,31,1.0830454127414184,
2026-08-17T17:42:07,charge,72.08238426126152,12.647,26.382,0.0,26.382,26.786923076923078,26.786923076923078,2.086028307108405,75.001,104.049,103.317,0.0,100.0,31,1.0844097292019643,
2026-08-17T17:42:08,charge,72.08238426126152,12.648,26.864,0.0,26.864,26.79242857142857,26.79242857142857,2.1239721695129665,75.001,104.049,103.317,0.0,100.0,31,1.0841868971511142,
2026-08-17T17:42:09,charge,72.08238426126152,12.648,26.864,0.0,26.864,26.7972,26.7972,2.1239721695129665,75.001,104.049,103.317,0.0,100.0,31,1.0839938501037423,
2026-08-17T17:42:10,charge,72.09295620332728,12.648,26.864,0.0,26.864,26.801375,26.801375,2.1239721695129665,75.012,104.049,103.317,0.0,100.0,31,1.0834145636184713,
2026-08-17T17:42:11,charge,72.10448923103537,12.65,26.856,0.0,26.856,26.80458823529412,26.80458823529412,2.12300395256917,75.024,104.049,103.317,0.0,100.0,31,1.0828370033225219,
2026-08-17T17:42:12,charge,72.10448923103537,12.648,26.852,0.0,26.852,26.807222222222222,26.807222222222222,2.123023402909551,75.024,104.049,103.317,0.0,100.0,31,1.082730607423373,
2026-08-17T17:42:13,charge,72.11506117310113,12.648,26.864,0.0,26.864,26.81021052631579,26.81021052631579,2.1239721695129665,75.035,104.049,103.317,0.0,100.0,31,1.0821996332897525,
2026-08-17T17:42:14,charge,72.12659420080922,12.651,26.871,0.0,26.871,26.81325,26.81325,2.124021816457197,75.047,104.049,103.317,0.0,100.0,31,1.0816294182913302,
2026-08-17T17:42:15,charge,72.12659420080922,12.652,26.873,0.0,26.873,26.81609523809524,26.81609523809524,2.1240120139108445,75.047,104.049,103.317,0.0,100.0,31,1.0815146553775454,
2026-08-17T17:42:17,charge,72.13812722851732,12.652,26.797,0.0,26.797,26.815227272727274,26.815227272727274,2.1180050584887766,75.059,104.049,103.317,0.0,100.0,31,1.081102155322197,
2026-08-17T17:42:18,charge,72.14869917058307,12.65,26.856,0.0,26.856,26.817000000000004,26.817000000000004,2.12300395256917,75.07,104.049,103.317,0.0,100.0,31,1.080620501920424,
2026-08-17T17:42:19,charge,72.14869917058307,12.652,26.873,0.0,26.873,26.819333333333333,26.819333333333333,2.1240120139108445,75.07,104.049,103.317,0.0,100.0,31,1.0805264858684038,
2026-08-17T17:42:20,charge,72.16023219829117,12.652,26.873,0.0,26.873,26.82148,26.82148,2.1240120139108445,75.082,104.049,103.317,0.0,100.0,31,1.0799926029436113,
2026-08-17T17:42:21,charge,72.17080414035695,12.652,26.835,0.0,26.835,26.822000000000003,26.822000000000003,2.1210085361998106,75.093,104.049,103.317,0.0,100.0,31,1.0795615539482515,
2026-08-17T17:42:22,charge,72.17080414035695,12.652,26.873,0.0,26.873,26.823888888888888,26.823888888888888,2.1240120139108445,75.093,104.049,103.317,0.0,100.0,31,1.079485533210447,
2026-08-17T17:42:23,charge,72.18233716806505,12.652,26.873,0.0,26.873,26.82564285714286,26.82564285714286,2.1240120139108445,75.105,104.049,103.317,0.0,100.0,31,1.0789676189360393,
2026-08-17T17:42:24,charge,72.19387019577314,12.654,26.877,0.0,26.877,26.82741379310345,26.82741379310345,2.1239924134660977,75.117,104.049,103.317,0.0,100.0,31,1.0784490902897834,
2026-08-17T17:42:25,charge,72.19387019577314,12.652,26.873,0.0,26.873,26.828933333333335,26.828933333333335,2.1240120139108445,75.117,104.049,103.317,0.0,100.0,31,1.0783880089654452,
2026-08-17T17:42:26,charge,72.2044421378389,12.652,26.0,0.0,26.0,26.8021935483871,26.8021935483871,2.055011065444199,75.128,104.049,103.317,0.0,100.0,31,1.0790534717909466,
2026-08-17T17:42:27,charge,72.215975165547,12.652,26.822,0.0,26.822,26.8028125,26.8028125,2.119981030667088,75.14,104.049,103.317,0.0,100.0,31,1.0785808392309577,
2026-08-17T17:42:28,charge,72.215975165547,12.654,26.826,0.0,26.826,26.80351515151515,26.80351515151515,2.1199620673304884,75.14,104.049,103.317,0.0,100.0,31,1.0785525643402722,
2026-08-17T17:42:29,charge,72.22750819325509,12.654,26.675,0.0,26.675,26.79973529411765,26.79973529411765,2.1080290817132923,75.152,104.049,103.317,0.0,100.0,31,1.0782569186921294,
2026-08-17T17:42:31,charge,72.23808013532084,12.653,26.812,0.0,26.812,26.800085714285714,26.800085714285714,2.119023156563661,75.163,104.049,103.317,0.0,100.0,31,1.0778323736704472,
2026-08-17T17:42:32,charge,72.23808013532084,12.653,26.812,0.0,26.812,26.800416666666667,26.800416666666667,2.119023156563661,75.163,104.049,103.317,0.0,100.0,31,1.0778190637583374,
2026-08-17T17:42:33,charge,72.23808013532084,12.653,26.736,0.0,26.736,26.79867567567568,26.79867567567568,2.1130166758871414,75.163,104.049,103.317,0.0,100.0,31,1.0778890848781357,
2026-08-17T17:42:34,charge,72.26018510509472,12.654,26.89,0.0,26.89,26.80107894736842,26.80107894736842,2.125019756598704,75.186,104.049,103.317,0.0,100.0,31,1.076934255396238,
2026-08-17T17:42:35,charge,72.26018510509472,12.654,26.89,0.0,26.89,26.80335897435898,26.80335897435898,2.125019756598704,75.186,104.049,103.317,0.0,100.0,31,1.0768426460135592,
2026-08-17T17:42:36,charge,72.2717181328028,12.654,26.877,0.0,26.877,26.805200000000003,26.805200000000003,2.1239924134660977,75.198,104.049,103.317,0.0,100.0,31,1.0763210123408895,
2026-08-17T17:42:37,charge,72.2717181328028,12.657,26.871,0.0,26.871,26.80680487804878,26.80680487804878,2.1230149324484473,75.198,104.049,103.317,0.0,100.0,31,1.0762565748231023,
2026-08-17T17:42:38,charge,72.2717181328028,12.656,26.869,0.0,26.869,26.808285714285716,26.808285714285716,2.1230246523388114,75.198,104.049,103.317,0.0,100.0,31,1.0761971245563742,
2026-08-17T17:42:39,charge,72.29382310257667,12.656,26.869,0.0,26.869,26.809697674418604,26.809697674418604,2.1230246523388114,75.221,104.049,103.317,0.0,100.0,31,1.0752825470130993,
2026-08-17T17:42:40,charge,72.30535613028476,12.657,26.883,0.0,26.883,26.811363636363637,26.811363636363637,2.123963024413368,75.233,104.049,103.317,0.0,100.0,31,1.0747681613969653,
2026-08-17T17:42:41,charge,72.30535613028476,12.658,26.886,0.0,26.886,26.813022222222223,26.813022222222223,2.1240322325801864,75.233,104.049,103.317,0.0,100.0,31,1.0747016789520185,
2026-08-17T17:42:42,charge,72.30535613028476,12.658,26.797,0.0,26.797,26.81267391304348,26.81267391304348,2.1170011060199085,75.233,104.049,103.317,0.0,100.0,31,1.0747156398296394,
2026-08-17T17:42:44,charge,72.30535613028476,12.657,26.883,0.0,26.883,26.81417021276596,26.81417021276596,2.123963024413368,75.233,104.049,103.317,0.0,100.0,31,1.074655667930421,
2026-08-17T17:42:45,charge,72.30535613028476,12.657,26.883,0.0,26.883,26.81560416666667,26.81560416666667,2.123963024413368,75.233,104.049,103.317,0.0,100.0,31,1.0745982011406605,
2026-08-17T17:42:46,charge,72.32746110005863,12.657,26.883,0.0,26.883,26.816979591836734,26.816979591836734,2.123963024413368,75.256,104.049,103.317,0.0,100.0,31,1.0736854201419754,
2026-08-17T17:42:47,charge,72.32746110005863,12.658,26.291,0.0,26.291,26.80646,26.80646,2.0770263864749565,75.256,104.049,103.317,0.0,100.0,31,1.0741067638173785,
2026-08-17T17:42:48,charge,72.32746110005863,12.658,26.291,0.0,26.291,26.796352941176472,26.796352941176472,2.0770263864749565,75.256,104.049,103.317,0.0,100.0,31,1.0745118958242783,
2026-08-17T17:42:49,charge,72.33899412776672,12.658,26.886,0.0,26.886,26.798076923076923,26.798076923076923,2.1240322325801864,75.268,104.049,103.317,0.0,100.0,31,1.073994976677431,
2026-08-17T17:42:50,charge,72.34956606983248,12.658,26.784,0.0,26.784,26.797811320754718,26.797811320754718,2.1159740875335755,75.279,104.049,103.317,0.0,100.0,31,1.0735951401269046,
2026-08-17T17:42:51,charge,72.34956606983248,12.658,26.784,0.0,26.784,26.797555555555554,26.797555555555554,2.1159740875335755,75.279,104.049,103.317,0.0,100.0,31,1.073605386892669,
2026-08-17T17:42:52,charge,72.36109909754057,12.658,26.886,0.0,26.886,26.799163636363634,26.799163636363634,2.1240322325801864,75.291,104.049,103.317,0.0,100.0,31,1.0730931901538316,
2026-08-17T17:42:53,charge,72.37167103960634,12.659,26.875,0.0,26.875,26.800517857142857,26.800517857142857,2.1229954972746663,75.302,104.049,103.317,0.0,100.0,31,1.0726285273005784,
2026-08-17T17:42:54,charge,72.37167103960634,12.661,26.879,0.0,26.879,26.801894736842108,26.801894736842108,2.1229760682410554,75.302,104.049,103.317,0.0,100.0,31,1.0725734237170976,
2026-08-17T17:42:55,charge,72.38320406731442,12.661,26.892,0.0,26.892,26.803448275862067,26.803448275862067,2.1240028433773004,75.314,104.049,103.317,0.0,100.0,31,1.0720635533256149,
2026-08-17T17:42:56,charge,72.39473709502252,12.659,26.875,0.0,26.875,26.80466101694915,26.80466101694915,2.1229954972746663,75.326,104.049,103.317,0.0,100.0,31,1.0715673659084088,
2026-08-17T17:42:58,charge,72.39473709502252,12.661,26.879,0.0,26.879,26.8059,26.8059,2.1229760682410554,75.326,104.049,103.317,0.0,100.0,31,1.0715178374910006,
2026-08-17T17:42:59,charge,72.4053090370883,12.661,26.765,0.0,26.765,26.80522950819672,26.80522950819672,2.113972040123213,75.337,104.049,103.317,0.0,100.0,31,1.0711342721844712,
2026-08-17T17:43:00,charge,72.4168420647964,12.662,26.691,0.0,26.691,26.8024262295082,26.80338709677419,2.1079608276733532,75.349,104.049,103.317,0.0,100.0,31,1.0707601952088388,
2026-08-17T17:43:01,charge,72.4168420647964,12.661,26.689,0.0,26.689,26.799688524590163,26.801571428571428,2.1079693547113183,75.349,104.049,103.317,0.0,100.0,31,1.0708327336883232,
2026-08-17T17:43:02,charge,72.4283750925045,12.661,26.892,0.0,26.892,26.800245901639347,26.802984375,2.1240028433773004,75.361,104.049,103.317,0.0,100.0,31,1.0703285723196636,
2026-08-17T17:43:03,charge,72.43894703457025,12.662,26.78,0.0,26.78,26.802704918032784,26.80263076923077,2.114989733059548,75.372,104.049,103.317,0.0,100.0,31,1.0699322856367144,
2026-08-17T17:43:04,charge,72.43894703457025,12.661,26.778,0.0,26.778,26.801524590163936,26.802257575757576,2.114998815259458,75.372,104.049,103.317,0.0,100.0,31,1.0699471833275014,
2026-08-17T17:43:05,charge,72.45048006227834,12.661,26.55,0.0,26.55,26.796655737704917,26.798492537313432,2.096990759023774,75.384,104.049,103.317,0.0,100.0,31,1.0696497185462095,
2026-08-17T17:43:06,charge,72.4610520043441,12.662,26.894,0.0,26.894,26.797426229508197,26.79989705882353,2.1239930500710784,75.395,104.049,103.317,0.0,100.0,31,1.069183211305136,
2026-08-17T17:43:07,charge,72.4610520043441,12.664,26.898,0.0,26.898,26.79804918032787,26.80131884057971,2.123973468098547,75.395,104.049,103.317,0.0,100.0,31,1.0691264922610886,
2026-08-17T17:43:08,charge,72.4610520043441,12.664,26.81,0.0,26.81,26.79716393442623,26.80144285714286,2.1170246367656347,75.395,104.049,103.317,0.0,100.0,31,1.0691215451620144,
2026-08-17T17:43:09,charge,72.48411805976029,12.663,26.896,0.0,26.896,26.79788524590164,26.802774647887325,2.1239832583116165,75.419,104.049,103.317,0.0,100.0,31,1.0681729923904244,
2026-08-17T17:43:11,charge,72.48411805976029,12.663,26.896,0.0,26.896,26.80009836065574,26.804069444444444,2.1239832583116165,75.419,104.049,103.317,0.0,100.0,31,1.0681213932585905,
2026-08-17T17:43:12,charge,72.49469000182607,12.664,26.746,0.0,26.746,26.799852459016392,26.803273972602742,2.1119709412507897,75.43,104.049,103.317,0.0,100.0,31,1.0677426955100044,
2026-08-17T17:43:13,charge,72.49469000182607,12.665,26.9,0.0,26.9,26.80834426229508,26.804581081081082,2.123963679431504,75.43,104.049,103.317,0.0,100.0,31,1.0676906277113785,
2026-08-17T17:43:15,charge,72.51679497159992,12.664,26.898,0.0,26.898,26.898,26.898,2.123973468098547,75.453,104.049,103.317,0.0,100.0,31,XPS 9730 Performance Engineering,1.063127370064689,
2026-08-17T17:43:16,charge,72.51679497159992,12.664,26.898,0.0,26.898,26.898,26.898,2.123973468098547,75.453,104.049,103.317,0.0,100.0,31,XPS 9730 Performance Engineering,1.063127370064689,
2026-08-17T17:43:17,charge,72.52832799930802,12.662,25.463,0.0,25.463,26.419666666666668,26.419666666666668,2.010977728636866,75.465,104.049,103.317,0.0,100.0,31,XPS 9730 Performance Engineering,1.0819212960042393,
2026-08-17T17:43:18,charge,72.52832799930802,12.666,26.852,0.0,26.852,26.52775,26.52775,2.120006316121901,75.465,104.049,103.317,0.0,100.0,31,XPS 9730 Performance Engineering,1.077513170170859,
2026-08-17T17:43:19,charge,72.52832799930802,12.665,26.9,0.0,26.9,26.6022,26.6022,2.123963679431504,75.465,104.049,103.317,0.0,100.0,31,XPS 9730 Performance Engineering,1.0744975979430273,
2026-08-17T17:43:20,charge,72.52832799930802,12.665,26.9,0.0,26.9,26.651833333333332,26.651833333333332,2.123963679431504,75.465,104.049,103.317,0.0,100.0,31,XPS 9730 Performance Engineering,1.0724965762205227,
2026-08-17T17:43:21,charge,72.53986102701612,12.667,26.905,0.0,26.905,26.688,26.688,2.124023052024947,75.477,104.049,103.317,0.0,100.0,31,XPS 9730 Performance Engineering,1.0705935251798562,
2026-08-17T17:43:23,charge,72.53986102701612,12.666,26.903,0.0,26.903,26.714875,26.714875,2.124032843833886,75.477,104.049,103.317,0.0,100.0,31,XPS 9730 Performance Engineering,1.0695165146758128,
2026-08-17T17:43:24,charge,72.55043296908187,12.667,26.461,0.0,26.461,26.686666666666667,26.686666666666667,2.0889713428593986,75.488,104.049,103.317,0.0,100.0,31,XPS 9730 Performance Engineering,1.0702348238820887,
2026-08-17T17:43:25,charge,72.56196599678997,12.667,26.461,0.0,26.461,26.6641,26.6641,2.0889713428593986,75.5,104.049,103.317,0.0,100.0,31,XPS 9730 Performance Engineering,1.0706905539658194,
2026-08-17T17:43:26,charge,72.57253793885572,12.668,26.907,0.0,26.907,26.68618181818182,26.68618181818182,2.12401326176192,75.511,104.049,103.317,0.0,100.0,31,XPS 9730 Performance Engineering,1.0693923991987686,
2026-08-17T17:43:27,charge,72.57253793885572,12.668,26.818,0.0,26.818,26.697166666666664,26.697166666666664,2.116987685506789,75.511,104.049,103.317,0.0,100.0,31,XPS 9730 Performance Engineering,1.068952385708846,
2026-08-17T17:43:28,charge,72.58407096656381,12.668,26.818,0.0,26.818,26.706461538461536,26.706461538461536,2.116987685506789,75.523,104.049,103.317,0.0,100.0,31,XPS 9730 Performance Engineering,1.068131019862667,
2026-08-17T17:43:29,charge,72.59560399427191,12.668,26.894,0.0,26.894,26.71985714285714,26.71985714285714,2.1229870539943163,75.535,104.049,103.317,0.0,100.0,31,XPS 9730 Performance Engineering,1.0671464240078277,
2026-08-17T17:43:30,charge,72.60617593633769,12.668,26.907,0.0,26.907,26.732333333333333,26.732333333333333,2.12401326176192,75.546,104.049,103.317,0.0,100.0,31,XPS 9730 Performance Engineering,1.0662368916543012,
2026-08-17T17:43:32,charge,72.60617593633769,12.668,26.907,0.0,26.907,26.74325,26.74325,2.12401326176192,75.546,104.049,103.317,0.0,100.0,31,XPS 9730 Performance Engineering,1.065801650883868,
2026-08-17T17:43:33,charge,72.61770896404579,12.668,26.894,0.0,26.894,26.752117647058824,26.752117647058824,2.1229870539943163,75.558,104.049,103.317,0.0,100.0,31,XPS 9730 Performance Engineering,1.0649998021047262,
2026-08-17T17:43:34,charge,72.62828090611154,12.671,26.913,0.0,26.913,26.761055555555558,26.761055555555558,2.1239839002446534,75.569,104.049,103.317,0.0,100.0,31,XPS 9730 Performance Engineering,1.064233058403692,
2026-08-17T17:43:35,charge,72.62828090611154,12.671,26.913,0.0,26.913,26.769052631578944,26.769052631578944,2.1239839002446534,75.569,104.049,103.317,0.0,100.0,31,XPS 9730 Performance Engineering,1.0639151258719812,
2026-08-17T17:43:36,charge,72.63981393381964,12.67,26.911,0.0,26.911,26.77615,26.77615,2.123993685872139,75.581,104.049,103.317,0.0,100.0,31,XPS 9730 Performance Engineering,1.0631849612434947,
2026-08-17T17:43:37,charge,72.65134696152774,12.67,26.898,0.0,26.898,26.781952380952383,26.781952380952383,2.122967640094712,75.593,104.049,103.317,0.0,100.0,31,XPS 9730 Performance Engineering,1.0625065564763763,
2026-08-17T17:43:38,charge,72.65134696152774,12.672,26.903,0.0,26.903,26.787454545454544,26.787454545454544,2.123027146464646,75.593,104.049,103.317,0.0,100.0,31,XPS 9730 Performance Engineering,1.0622883167832977,
2026-08-17T17:43:39,charge,72.66191890359349,12.672,26.903,0.0,26.903,26.792478260869565,26.792478260869565,2.123027146464646,75.604,104.049,103.317,0.0,100.0,31,XPS 9730 Performance Engineering,1.0616785697478368,
2026-08-17T17:43:40,charge,72.67345193130159,12.67,26.898,0.0,26.898,26.796875,26.796875,2.122967640094712,75.616,104.049,103.317,0.0,100.0,31,XPS 9730 Performance Engineering,1.061056559766764,
2026-08-17T17:43:41,charge,72.67345193130159,12.671,26.901,0.0,26.901,26.801039999999997,26.801039999999997,2.1230368558124852,75.616,104.049,103.317,0.0,100.0,31,XPS 9730 Performance Engineering,1.060891666890539,
2026-08-17T17:43:42,charge,72.6849849590097,12.671,26.901,0.0,26.901,26.804884615384616,26.804884615384616,2.1230368558124852,75.628,104.049,103.317,0.0,100.0,31,XPS 9730 Performance Engineering,1.0602918239643466,
2026-08-17T17:43:44,charge,72.69555690107545,12.661,26.499,0.0,26.499,26.793555555555557,26.793555555555557,2.092962641181581,75.639,104.049,103.317,0.0,100.0,31,XPS 9730 Performance Engineering,1.0603295983279566,
2026-08-17T17:43:45,charge,72.69555690107545,12.671,26.52,0.0,26.52,26.783785714285717,26.783785714285717,2.092968195091153,75.639,104.049,103.317,0.0,100.0,31,XPS 9730 Performance Engineering,1.060716371578754,
2026-08-17T17:43:46,charge,72.70708992878355,12.671,26.647,0.0,26.647,26.77906896551724,26.77906896551724,2.1029910819982636,75.651,104.049,103.317,0.0,100.0,31,XPS 9730 Performance Engineering,1.0604550903755254,
2026-08-17T17:43:47,charge,72.70708992878355,12.635,25.687,0.0,25.687,25.687,25.687,2.0330035615354176,75.651,104.049,103.317,0.0,100.0,31,XPS 9730 Performance Engineering,1.1055397671974154,
2026-08-17T17:43:49,charge,72.70708992878355,12.635,25.687,0.0,25.687,25.687,25.687,2.0330035615354176,75.651,104.049,103.317,0.0,100.0,31,XPS 9730 Performance Engineering,1.1055397671974154,
2026-08-17T17:43:50,charge,72.72919489855741,12.672,26.915,0.0,26.915,26.096333333333334,26.096333333333334,2.123974116161616,75.674,104.049,103.317,0.0,100.0,31,XPS 9730 Performance Engineering,1.0873175030974978,
2026-08-17T17:43:51,charge,72.74072792626552,12.672,26.915,0.0,26.915,26.301000000000002,26.301000000000002,2.123974116161616,75.686,104.049,103.317,0.0,100.0,31,XPS 9730 Performance Engineering,1.0784000608341888,
2026-08-17T17:43:52,charge,72.74072792626552,12.676,26.924,0.0,26.924,26.425599999999996,26.425599999999996,2.1240138845061534,75.686,104.049,103.317,0.0,100.0,31,XPS 9730 Performance Engineering,1.0733152700411723,
2026-08-17T17:43:53,charge,72.74072792626552,12.673,26.917,0.0,26.917,26.507500000000004,26.507500000000004,2.1239643336226623,75.686,104.049,103.317,0.0,100.0,31,XPS 9730 Performance Engineering,1.0699990568706967,
2026-08-17T17:43:54,charge,72.75129986833126,12.673,26.917,0.0,26.917,26.566,26.566,2.1239643336226623,75.697,104.049,103.317,0.0,100.0,31,XPS 9730 Performance Engineering,1.067228788677257,
2026-08-17T17:43:55,charge,72.76283289603937,12.673,26.917,0.0,26.917,26.609875000000002,26.609875000000002,2.1239643336226623,75.709,104.049,103.317,0.0,100.0,31,XPS 9730 Performance Engineering,1.065018155853795,
2026-08-17T17:43:56,charge,72.76283289603937,12.674,26.375,0.0,26.375,26.58377777777778,26.58377777777778,2.0810320340855295,75.709,104.049,103.317,0.0,100.0,31,XPS 9730 Performance Engineering,1.0660636812759663,
2026-08-17T17:43:57,charge,72.76283289603937,12.674,26.375,0.0,26.375,26.562900000000003,26.562900000000003,2.0810320340855295,75.709,104.049,103.317,0.0,100.0,31,XPS 9730 Performance Engineering,1.0669015807761955,
2026-08-17T17:43:58,charge,72.77340483810512,12.675,26.909,0.0,26.909,26.59436363636364,26.59436363636364,2.122998027613412,75.72,104.049,103.317,0.0,100.0,31,XPS 9730 Performance Engineering,1.065225714266181,
2026-08-17T17:43:59,charge,72.77340483810512,12.676,26.924,0.0,26.924,26.62183333333333,26.62183333333333,2.1240138845061534,75.72,104.049,103.317,0.0,100.0,31,XPS 9730 Performance Engineering,1.0641265627836805,
2026-08-17T17:44:01,charge,72.79647089352132,12.676,26.924,0.0,26.924,26.645076923076925,26.645076923076925,2.1240138845061534,75.744,104.049,103.317,0.0,100.0,31,XPS 9730 Performance Engineering,1.0622975524414962,
2026-08-17T17:44:02,charge,72.79647089352132,12.677,26.913,0.0,26.913,26.664214285714284,26.664214285714284,2.122978622702532,75.744,104.049,103.317,0.0,100.0,31,XPS 9730 Performance Engineering,1.061535123319377,
2026-08-17T17:44:03,charge,72.79647089352132,12.676,26.924,0.0,26.924,26.924,26.924,2.1240138845061534,75.744,104.049,103.317,0.0,100.0,31,XPS 9730 Performance Engineering,1.0512925271133564,
2026-08-17T17:44:04,charge,72.80704283558707,12.676,26.138,0.0,26.138,26.531,26.531,2.0620069422530767,75.755,104.049,103.317,0.0,100.0,31,XPS 9730 Performance Engineering,1.0664505672609406,
2026-08-17T17:44:06,charge,72.81857586329517,12.676,26.138,0.0,26.138,26.400000000000002,26.400000000000002,2.0620069422530767,75.767,104.049,103.317,0.0,100.0,31,XPS 9730 Performance Engineering,1.071287878787879,
2026-08-17T17:44:07,charge,72.82914780536093,12.677,26.926,0.0,26.926,26.5315,26.5315,2.1240041019168574,75.778,104.049,103.317,0.0,100.0,31,XPS 9730 Performance Engineering,1.0655635753726702,
2026-08-17T17:44:08,charge,72.82914780536093,12.677,26.926,0.0,26.926,26.6104,26.6104,2.1240041019168574,75.778,104.049,103.317,0.0,100.0,31,XPS 9730 Performance Engineering,1.0624041728046179,
2026-08-17T17:44:09,charge,72.84068083306904,12.677,26.926,0.0,26.926,26.663,26.663,2.1240041019168574,75.79,104.049,103.317,0.0,100.0,31,XPS 9730 Performance Engineering,1.0598582305066946,
2026-08-17T17:44:10,charge,72.85221386077714,12.679,26.918,0.0,26.918,26.69942857142857,26.69942857142857,2.123038094486947,75.802,104.049,103.317,0.0,100.0,31,XPS 9730 Performance Engineering,1.0579627172331136,
2026-08-17T17:44:11,charge,72.85221386077714,12.677,26.913,0.0,26.913,26.726125,26.726125,2.122978622702532,75.802,104.049,103.317,0.0,100.0,31,XPS 9730 Performance Engineering,1.0569059300590715,
2026-08-17T17:44:12,charge,72.8627858028429,12.677,26.913,0.0,26.913,26.74688888888889,26.74688888888889,2.122978622702532,75.813,104.049,103.317,0.0,100.0,31,XPS 9730 Performance Engineering,1.0556741801746414,
2026-08-17T17:44:13,charge,72.87431883055099,12.68,26.932,0.0,26.932,26.7654,26.7654,2.12397476340694,75.825,104.049,103.317,0.0,100.0,31,XPS 9730 Performance Engineering,1.0544957295612993,
2026-08-17T17:44:14,charge,72.87431883055099,12.681,26.934,0.0,26.934,26.780727272727276,26.780727272727276,2.1239649869884083,75.825,104.049,103.317,0.0,100.0,31,XPS 9730 Performance Engineering,1.0538922155688624,
2026-08-17T17:44:15,charge,72.88585185825909,12.681,26.934,0.0,26.934,26.793499999999998,26.793499999999998,2.1239649869884083,75.837,104.049,103.317,0.0,100.0,31,XPS 9730 Performance Engineering,1.05294194487469,
2026-08-17T17:44:16,charge,72.89642380032484,12.672,26.7,0.0,26.7,26.78630769230769,26.78630769230769,2.1070075757575757,75.848,104.049,103.317,0.0,100.0,31,XPS 9730 Performance Engineering,1.0528140094537397,
2026-08-17T17:44:17,charge,72.90795682803294,12.68,26.932,0.0,26.932,26.796714285714284,26.796714285714284,2.12397476340694,75.86,104.049,103.317,0.0,100.0,31,XPS 9730 Performance Engineering,1.0519573295233426,
2026-08-17T17:44:18,charge,72.90795682803294,12.68,26.932,0.0,26.932,26.805733333333333,26.805733333333333,2.12397476340694,75.86,104.049,103.317,0.0,100.0,31,XPS 9730 Performance Engineering,1.0516033883298601,
2026-08-17T17:44:20,charge,72.91852877009869,12.679,26.918,0.0,26.918,26.81275,26.81275,2.123038094486947,75.871,104.049,103.317,0.0,100.0,31,XPS 9730 Performance Engineering,1.0509179401590665,
2026-08-17T17:44:21,charge,72.91852877009869,12.68,26.932,0.0,26.932,26.819764705882353,26.819764705882353,2.12397476340694,75.871,104.049,103.317,0.0,100.0,31,XPS 9730 Performance Engineering,1.05064307271196,
2026-08-17T17:44:22,charge,72.93006179780679,12.68,26.932,0.0,26.932,26.826,26.826,2.12397476340694,75.883,104.049,103.317,0.0,100.0,31,XPS 9730 Performance Engineering,1.049951539551182,
2026-08-17T17:44:23,charge,72.94159482551488,12.681,26.782,0.0,26.782,26.823684210526313,26.823684210526313,2.111978550587493,75.895,104.049,103.317,0.0,100.0,31,XPS 9730 Performance Engineering,1.0495948199744929,
2026-08-17T17:44:24,charge,72.94159482551488,12.68,26.932,0.0,26.932,26.8291,26.8291,2.12397476340694,75.895,104.049,103.317,0.0,100.0,31,XPS 9730 Performance Engineering,1.0493829461293898,
2026-08-17T17:44:25,charge,72.95216676758066,12.68,26.932,0.0,26.932,26.834,26.834,2.12397476340694,75.906,104.049,103.317,0.0,100.0,31,XPS 9730 Performance Engineering,1.0487813967354849,
2026-08-17T17:44:26,charge,72.96369979528876,12.682,26.924,0.0,26.924,26.83809090909091,26.83809090909091,2.1230089891184356,75.918,104.049,103.317,0.0,100.0,31,XPS 9730 Performance Engineering,1.0481744061188474,
2026-08-17T17:44:27,charge,72.96369979528876,12.683,26.939,0.0,26.939,26.842478260869562,26.842478260869562,2.124024284475282,75.918,104.049,103.317,0.0,100.0,31,XPS 9730 Performance Engineering,1.0480030840151158,
2026-08-17T17:44:28,charge,72.96369979528876,12.682,26.937,0.0,26.937,26.846416666666666,26.846416666666666,2.124034064027756,75.918,104.049,103.317,0.0,100.0,31,XPS 9730 Performance Engineering,1.0478493405389298,
2026-08-17T17:44:29,charge,72.97427173735451,12.682,26.924,0.0,26.924,26.84952,26.84952,2.1230089891184356,75.929,104.049,103.317,0.0,100.0,31,XPS 9730 Performance Engineering,1.0473185367932092,
2026-08-17T17:44:31,charge,72.97427173735451,12.683,26.926,0.0,26.926,26.852461538461537,26.852461538461537,2.122999290388709,75.929,104.049,103.317,0.0,100.0,31,XPS 9730 Performance Engineering,1.047203808847205,
2026-08-17T17:44:32,charge,72.97427173735451,12.684,26.928,0.0,26.928,26.85525925925926,26.85525925925926,2.1229895931882687,75.929,104.049,103.317,0.0,100.0,31,XPS 9730 Performance Engineering,1.0470947134984252,
2026-08-17T17:44:33,charge,72.98580476506261,12.684,26.928,0.0,26.928,26.857857142857142,26.857857142857142,2.1229895931882687,75.941,104.049,103.317,0.0,100.0,31,XPS 9730 Performance Engineering,1.0465466343980214,
2026-08-17T17:44:34,charge,73.00790973483646,12.683,26.939,0.0,26.939,26.860655172413793,26.860655172413793,2.124024284475282,75.964,104.049,103.317,0.0,100.0,31,XPS 9730 Performance Engineering,1.0455813463866521,
2026-08-17T17:44:35,charge,73.00790973483646,12.685,26.943,0.0,26.943,26.863400000000002,26.863400000000002,2.1240047299960585,75.964,104.049,103.317,0.0,100.0,31,XPS 9730 Performance Engineering,1.0454745117892748,
2026-08-17T17:44:36,charge,73.00790973483646,12.685,26.918,0.0,26.918,26.86516129032258,26.86516129032258,2.1220338983050846,75.964,104.049,103.317,0.0,100.0,31,XPS 9730 Performance Engineering,1.0454059700775682,
2026-08-17T17:44:37,charge,73.01944276254456,12.685,26.702,0.0,26.702,26.860062499999998,26.860062499999998,2.105005912495073,75.976,104.049,103.317,0.0,100.0,31,XPS 9730 Performance Engineering,1.0451576573956225,
2026-08-17T17:44:38,charge,73.01944276254456,12.686,26.704,0.0,26.704,26.855333333333334,26.855333333333334,2.1049976351883966,75.976,104.049,103.317,0.0,100.0,31,XPS 9730 Performance Engineering,1.0453417074200038,
2026-08-17T17:44:39,charge,73.0415477323184,12.686,26.932,0.0,26.932,26.857588235294116,26.857588235294116,2.122970203373798,75.999,104.049,103.317,0.0,100.0,31,XPS 9730 Performance Engineering,1.0443975741328448,
2026-08-17T17:44:40,charge,73.0415477323184,12.687,26.935,0.0,26.935,26.8598,26.8598,2.123039331599275,75.999,104.049,103.317,0.0,100.0,31,XPS 9730 Performance Engineering,1.0443115734294377,
2026-08-17T17:44:41,charge,73.0415477323184,12.686,26.932,0.0,26.932,26.861805555555556,26.861805555555556,2.122970203373798,75.999,104.049,103.317,0.0,100.0,31,XPS 9730 Performance Engineering,1.0442336030609347,
2026-08-17T17:44:43,charge,73.05308076002652,12.686,26.92,0.0,26.92,26.86337837837838,26.86337837837838,2.1220242787324612,76.011,104.049,103.317,0.0,100.0,31,XPS 9730 Performance Engineering,1.0437257594736131,
2026-08-17T17:44:44,charge,73.06365270209228,12.686,26.932,0.0,26.932,26.865184210526316,26.865184210526316,2.122970203373798,76.022,104.049,103.317,0.0,100.0,31,XPS 9730 Performance Engineering,1.0432461501238641,
2026-08-17T17:44:45,charge,73.06365270209228,12.686,26.932,0.0,26.932,26.866897435897435,26.866897435897435,2.122970203373798,76.022,104.049,103.317,0.0,100.0,31,XPS 9730 Performance Engineering,1.0431796252943046,
2026-08-17T17:44:46,charge,73.07518572980038,12.686,26.932,0.0,26.932,26.868524999999998,26.868524999999998,2.122970203373798,76.034,104.049,103.317,0.0,100.0,31,XPS 9730 Performance Engineering,1.0426698153322522,
2026-08-17T17:44:47,charge,73.08671875750848,12.687,26.935,0.0,26.935,26.870146341463414,26.870146341463414,2.123039331599275,76.046,104.049,103.317,0.0,100.0,31,XPS 9730 Performance Engineering,1.04216030847545,
2026-08-17T17:44:48,charge,73.08671875750848,12.687,26.935,0.0,26.935,26.871690476190473,26.871690476190473,2.123039331599275,76.046,104.049,103.317,0.0,100.0,31,XPS 9730 Performance Engineering,1.0421004225548043,
2026-08-17T17:44:49,charge,73.09729069957423,12.687,26.935,0.0,26.935,26.873162790697677,26.873162790697677,2.123039331599275,76.057,104.049,103.317,0.0,100.0,31,XPS 9730 Performance Engineering,1.0416339981272922,
2026-08-17T17:44:50,charge,73.10882372728233,12.687,26.922,0.0,26.922,26.87427272727273,26.87427272727273,2.122014660676283,76.069,104.049,103.317,0.0,100.0,31,XPS 9730 Performance Engineering,1.0411444538034011,
2026-08-17T17:44:51,charge,73.10882372728233,12.688,26.949,0.0,26.949,26.875933333333332,26.875933333333332,2.1239754098360657,76.069,104.049,103.317,0.0,100.0,31,XPS 9730 Performance Engineering,1.0410801237290366,
2026-08-17T17:44:52,charge,73.11939566934808,12.688,26.949,0.0,26.949,26.877521739130433,26.877521739130433,2.1239754098360657,76.08,104.049,103.317,0.0,100.0,31,XPS 9730 Performance Engineering,1.0406093341292146,
2026-08-17T17:44:53,charge,73.13092869705619,12.69,26.941,0.0,26.941,26.87887234042553,26.87887234042553,2.12301024428684,76.092,104.049,103.317,0.0,100.0,31,XPS 9730 Performance Engineering,1.0401105986114225,
2026-08-17T17:44:55,charge,73.13092869705619,12.69,26.954,0.0,26.954,26.8804375,26.8804375,2.1240346729708435,76.092,104.049,103.317,0.0,100.0,31,XPS 9730 Performance Engineering,1.040050036387987,
2026-08-17T17:44:56,charge,73.14246172476429,12.69,26.954,0.0,26.954,26.881938775510203,26.881938775510203,2.1240346729708435,76.104,104.049,103.317,0.0,100.0,31,XPS 9730 Performance Engineering,1.0395455563442568,
2026-08-17T17:44:57,charge,73.15303366683004,12.689,26.913,0.0,26.913,26.882559999999998,26.882559999999998,2.1209709196942232,76.115,104.049,103.317,0.0,100.0,31,XPS 9730 Performance Engineering,1.0391123464431964,
2026-08-17T17:44:58,charge,73.15303366683004,12.691,26.943,0.0,26.943,26.883745098039213,26.883745098039213,2.1230005515719803,76.115,104.049,103.317,0.0,100.0,31,XPS 9730 Performance Engineering,1.0390665399530736,
2026-08-17T17:44:59,charge,73.16456669453814,12.691,26.943,0.0,26.943,26.884884615384614,26.884884615384614,2.1230005515719803,76.127,104.049,103.317,0.0,100.0,31,XPS 9730 Performance Engineering,1.0385761515979102,
2026-08-17T17:45:00,charge,73.1751386366039,12.691,26.943,0.0,26.943,26.885981132075468,26.885981132075468,2.1230005515719803,76.138,104.049,103.317,0.0,100.0,31,XPS 9730 Performance Engineering,1.0381246592002427,
2026-08-17T17:45:01,charge,73.1751386366039,12.691,26.943,0.0,26.943,26.88703703703704,26.88703703703704,2.1230005515719803,76.138,104.049,103.317,0.0,100.0,31,XPS 9730 Performance Engineering,1.038083890075074,
2026-08-17T17:45:02,charge,73.186671664312,12.691,26.943,0.0,26.943,26.888054545454548,26.888054545454548,2.1230005515719803,76.15,104.049,103.317,0.0,100.0,31,XPS 9730 Performance Engineering,1.0375983116530962,
2026-08-17T17:45:03,charge,73.19820469202011,12.691,26.943,0.0,26.943,26.889035714285715,26.889035714285715,2.1230005515719803,76.162,104.049,103.317,0.0,100.0,31,XPS 9730 Performance Engineering,1.0371141716020735,
2026-08-17T17:45:04,charge,73.19820469202011,12.691,26.943,0.0,26.943,26.889982456140352,26.889982456140352,2.1230005515719803,76.162,104.049,103.317,0.0,100.0,31,XPS 9730 Performance Engineering,1.0370776569113,
2026-08-17T17:45:05,charge,73.19820469202011,12.691,26.943,0.0,26.943,26.89089655172414,26.89089655172414,2.1230005515719803,76.162,104.049,103.317,0.0,100.0,31,XPS 9730 Performance Engineering,1.037042403787463,
2026-08-17T17:45:07,charge,73.19820469202011,12.693,26.947,0.0,26.947,26.89184745762712,26.89184745762712,2.122981170724021,76.162,104.049,103.317,0.0,100.0,31,XPS 9730 Performance Engineering,1.0370057335756095,
2026-08-17T17:45:08,charge,73.19820469202011,12.692,26.945,0.0,26.945,26.892733333333336,26.892733333333336,2.122990860384494,76.162,104.049,103.317,0.0,100.0,31,XPS 9730 Performance Engineering,1.0369715734857743,
2026-08-17T17:45:09,charge,73.22030966179396,12.692,26.945,0.0,26.945,26.893590163934427,26.893590163934427,2.122990860384494,76.185,104.049,103.317,0.0,100.0,31,XPS 9730 Performance Engineering,1.0360833131668283,
2026-08-17T17:45:10,charge,73.23088160385971,12.693,26.947,0.0,26.947,26.893967213114752,26.894451612903225,2.122981170724021,76.196,104.049,103.317,0.0,100.0,31,XPS 9730 Performance Engineering,1.0356411203653952,
2026-08-17T17:45:11,charge,73.23088160385971,12.694,26.835,0.0,26.835,26.90539344262295,26.893507936507934,2.113990861824484,76.196,104.049,103.317,0.0,100.0,31,XPS 9730 Performance Engineering,1.0356774603654275,
2026-08-17T17:45:12,charge,73.23088160385971,12.694,26.835,0.0,26.835,26.916819672131147,26.89259375,2.113990861824484,76.196,104.049,103.317,0.0,100.0,31,XPS 9730 Performance Engineering,1.0357126671725374,
2026-08-17T17:45:13,charge,73.25394765927591,12.693,26.96,0.0,26.96,26.917377049180327,26.893630769230768,2.1240053572835422,76.22,104.049,103.317,0.0,100.0,31,XPS 9730 Performance Engineering,1.0347803254530958,
2026-08-17T17:45:14,charge,73.25394765927591,12.694,26.962,0.0,26.962,26.917967213114757,26.894666666666666,2.1239955884669923,76.22,104.049,103.317,0.0,100.0,31,XPS 9730 Performance Engineering,1.0347404689901347,
2026-08-17T17:45:15,charge,73.26451960134168,12.694,26.962,0.0,26.962,26.91855737704918,26.895671641791044,2.1239955884669923,76.231,104.049,103.317,0.0,100.0,31,XPS 9730 Performance Engineering,1.0342928174649424,
2026-08-17T17:45:16,charge,73.26451960134168,12.696,26.954,0.0,26.954,26.919147540983605,26.896529411764703,2.123030875866415,76.231,104.049,103.317,0.0,100.0,31,XPS 9730 Performance Engineering,1.0342598323422445,
2026-08-17T17:45:17,charge,73.26451960134168,12.696,26.954,0.0,26.954,26.919819672131148,26.897362318840578,2.123030875866415,76.231,104.049,103.317,0.0,100.0,31,XPS 9730 Performance Engineering,1.034227805323296,
2026-08-17T17:45:18,charge,73.28662457111554,12.696,26.954,0.0,26.954,26.92049180327869,26.89817142857143,2.123030875866415,76.254,104.049,103.317,0.0,100.0,31,XPS 9730 Performance Engineering,1.0333416185486852,
2026-08-17T17:45:20,charge,73.28662457111554,12.697,26.968,0.0,26.968,26.921081967213112,26.899154929577463,2.1239662912499018,76.254,104.049,103.317,0.0,100.0,31,XPS 9730 Performance Engineering,1.0333038369706364,
2026-08-17T17:45:21,charge,73.28662457111554,12.694,26.962,0.0,26.962,26.921540983606555,26.900027777777776,2.1239955884669923,76.254,104.049,103.317,0.0,100.0,31,XPS 9730 Performance Engineering,1.0332703084775834,
2026-08-17T17:45:22,charge,73.29815759882364,12.694,26.962,0.0,26.962,26.922,26.900876712328767,2.1239955884669923,76.266,104.049,103.317,0.0,100.0,31,XPS 9730 Performance Engineering,1.0327916185447947,
2026-08-17T17:45:23,charge,73.30969062653173,12.696,26.966,0.0,26.966,26.926360655737707,26.901756756756757,2.1239760554505356,76.278,104.049,103.317,0.0,100.0,31,XPS 9730 Performance Engineering,1.0323117650309184,
2026-08-17T17:45:24,charge,73.32026256859749,12.697,26.968,0.0,26.968,26.926950819672133,26.90264,2.1239662912499018,76.289,104.049,103.317,0.0,100.0,31,XPS 9730 Performance Engineering,1.0318689912960217,
2026-08-17T17:45:25,charge,73.32026256859749,12.696,26.966,0.0,26.966,26.927508196721313,26.903473684210525,2.1239760554505356,76.289,104.049,103.317,0.0,100.0,31,XPS 9730 Performance Engineering,1.0318370157639596,
2026-08-17T17:45:26,charge,73.33179559630558,12.696,26.852,0.0,26.852,26.926426229508195,26.902805194805197,2.114996849401386,76.301,104.049,103.317,0.0,100.0,31,XPS 9730 Performance Engineering,1.031416605037084,
2026-08-17T17:45:27,charge,73.34332862401368,12.698,26.971,0.0,26.971,26.92706557377049,26.903679487179488,2.124035281146637,76.313,104.049,103.317,0.0,100.0,31,XPS 9730 Performance Engineering,1.030937051313637,
2026-08-17T17:45:28,charge,73.34332862401368,12.698,26.971,0.0,26.971,26.927704918032784,26.904531645569623,2.124035281146637,76.313,104.049,103.317,0.0,100.0,31,XPS 9730 Performance Engineering,1.030904398016804,
2026-08-17T17:45:29,charge,73.35390056607943,12.698,26.958,0.0,26.958,26.93059016393443,26.9052,2.1230114978736805,76.324,104.049,103.317,0.0,100.0,31,XPS 9730 Performance Engineering,1.0304699463300777,
2026-08-17T17:45:31,charge,73.36543359378753,12.698,26.958,0.0,26.958,26.931016393442622,26.90585185185185,2.1230114978736805,76.336,104.049,103.317,0.0,100.0,31,XPS 9730 Performance Engineering,1.0299989813588677,
2026-08-17T17:45:32,charge,73.36543359378753,12.7,26.962,0.0,26.962,26.931508196721314,26.906536585365853,2.122992125984252,76.336,104.049,103.317,0.0,100.0,31,XPS 9730 Performance Engineering,1.029972769333411,
2026-08-17T17:45:33,charge,73.3760055358533,12.7,26.962,0.0,26.962,26.932131147540982,26.907204819277105,2.122992125984252,76.347,104.049,103.317,0.0,100.0,31,XPS 9730 Performance Engineering,1.0295383777713505,
2026-08-17T17:45:34,charge,73.38753856356139,12.697,26.918,0.0,26.918,26.931786885245902,26.907333333333334,2.1200283531542885,76.359,104.049,103.317,0.0,100.0,31,XPS 9730 Performance Engineering,1.0290874854438694,
2026-08-17T17:45:35,charge,73.38753856356139,12.698,26.971,0.0,26.971,26.932344262295082,26.908082352941175,2.124035281146637,76.359,104.049,103.317,0.0,100.0,31,XPS 9730 Performance Engineering,1.0290588395264582,
2026-08-17T17:45:36,charge,73.39907159126949,12.698,26.971,0.0,26.971,26.933114754098362,26.90881395348837,2.124035281146637,76.371,104.049,103.317,0.0,100.0,31,XPS 9730 Performance Engineering,1.0285849107969296,
2026-08-17T17:45:37,charge,73.40964353333526,12.701,26.977,0.0,26.977,26.93395081967213,26.909597701149426,2.1240059837808047,76.382,104.049,103.317,0.0,100.0,31,XPS 9730 Performance Engineering,1.0281461769611748,
2026-08-17T17:45:38,charge,73.40964353333526,12.7,26.886,0.0,26.886,26.933262295081967,26.909329545454547,2.1170078740157483,76.382,104.049,103.317,0.0,100.0,31,XPS 9730 Performance Engineering,1.0281564225992927,
2026-08-17T17:45:39,charge,73.42117656104335,12.7,26.886,0.0,26.886,26.932573770491803,26.909067415730338,2.1170078740157483,76.394,104.049,103.317,0.0,100.0,31,XPS 9730 Performance Engineering,1.0277204918604355,
2026-08-17T17:45:40,charge,73.42117656104335,12.701,26.786,0.0,26.786,26.93006557377049,26.907700000000002,2.108967797811196,76.394,104.049,103.317,0.0,100.0,31,XPS 9730 Performance Engineering,1.0277727193331276,
2026-08-17T17:45:41,charge,73.42117656104335,12.703,26.88,0.0,26.88,26.929032786885248,26.907395604395603,2.11603558214595,76.394,104.049,103.317,0.0,100.0,31,XPS 9730 Performance Engineering,1.027784346229416,
2026-08-17T17:45:43,charge,73.4317485031091,12.703,26.88,0.0,26.88,26.928409836065576,26.907097826086957,2.11603558214595,76.405,104.049,103.317,0.0,100.0,31,XPS 9730 Performance Engineering,1.027386906558113,
2026-08-17T17:45:44,charge,73.4432815308172,12.7,26.975,0.0,26.975,26.932885245901637,26.907827956989244,2.1240157480314963,76.417,104.049,103.317,0.0,100.0,31,XPS 9730 Performance Engineering,1.0269130620341527,
2026-08-17T17:45:45,charge,73.4432815308172,12.701,26.977,0.0,26.977,26.937360655737706,26.908563829787237,2.1240059837808047,76.417,104.049,103.317,0.0,100.0,31,XPS 9730 Performance Engineering,1.026884978878432,
2026-08-17T17:45:46,charge,73.4548145585253,12.701,26.977,0.0,26.977,26.938098360655736,26.909284210526316,2.1240059837808047,76.429,104.049,103.317,0.0,100.0,31,XPS 9730 Performance Engineering,1.0264115456923106,
2026-08-17T17:45:47,charge,73.46538650059105,12.702,26.979,0.0,26.979,26.93881967213115,26.910010416666665,2.1239962210675483,76.44,104.049,103.317,0.0,100.0,31,XPS 9730 Performance Engineering,1.025975076654018,
2026-08-17T17:45:48,charge,73.46538650059105,12.701,26.977,0.0,26.977,26.939557377049184,26.910701030927836,2.1240059837808047,76.44,104.049,103.317,0.0,100.0,31,XPS 9730 Performance Engineering,1.0259487468672643,
2026-08-17T17:45:49,charge,73.47691952829916,12.701,26.977,0.0,26.977,26.94049180327869,26.911377551020408,2.1240059837808047,76.452,104.049,103.317,0.0,100.0,31,XPS 9730 Performance Engineering,1.0254770476791741,
2026-08-17T17:45:50,charge,73.47691952829916,12.705,26.985,0.0,26.985,26.941360655737704,26.912121212121214,2.12396694214876,76.452,104.049,103.317,0.0,100.0,31,XPS 9730 Performance Engineering,1.0254487107307737,
2026-08-17T17:45:51,charge,73.47691952829916,12.703,26.981,0.0,26.981,26.94216393442623,26.91281,2.1239864598913645,76.452,104.049,103.317,0.0,100.0,31,XPS 9730 Performance Engineering,1.0254224661044316,
2026-08-17T17:45:52,charge,73.49902449807301,12.703,26.981,0.0,26.981,26.942967213114752,26.91348514851485,2.1239864598913645,76.475,104.049,103.317,0.0,100.0,31,XPS 9730 Performance Engineering,1.0245421523017286,
2026-08-17T17:45:53,charge,73.51055752578112,12.706,26.949,0.0,26.949,26.943196721311477,26.913833333333333,2.120966472532662,76.487,104.049,103.317,0.0,100.0,31,XPS 9730 Performance Engineering,1.0240830304118704,
2026-08-17T17:45:54,charge,73.51055752578112,12.706,26.949,0.0,26.949,26.943426229508198,26.91417475728155,2.120966472532662,76.487,104.049,103.317,0.0,100.0,31,XPS 9730 Performance Engineering,1.0240700392473745,
2026-08-17T17:45:56,charge,73.51055752578112,12.706,26.949,0.0,26.949,26.94365573770492,26.914509615384613,2.120966472532662,76.487,104.049,103.317,0.0,100.0,31,XPS 9730 Performance Engineering,1.0240572982331169,
2026-08-17T17:45:57,charge,73.53266249555497,12.703,26.994,0.0,26.994,26.94483606557377,26.915266666666668,2.1250098401952298,76.51,104.049,103.317,0.0,100.0,31,XPS 9730 Performance Engineering,1.0231739607508998,
2026-08-17T17:45:58,charge,73.53266249555497,12.705,26.985,0.0,26.985,26.945426229508197,26.91592452830189,2.12396694214876,76.51,104.049,103.317,0.0,100.0,31,XPS 9730 Performance Engineering,1.0231489529940891,
2026-08-17T17:45:59,charge,73.54419552326308,12.705,26.985,0.0,26.985,26.946016393442626,26.916570093457942,2.12396694214876,76.522,104.049,103.317,0.0,100.0,31,XPS 9730 Performance Engineering,1.02267859182736,
2026-08-17T17:46:00,charge,73.54419552326308,12.706,26.975,0.0,26.975,26.946573770491803,26.91711111111111,2.1230127498819455,76.522,104.049,103.317,0.0,100.0,31,XPS 9730 Performance Engineering,1.0226580366062068,
2026-08-17T17:46:01,charge,73.54419552326308,12.706,26.975,0.0,26.975,26.946918032786883,26.917642201834862,2.1230127498819455,76.522,104.049,103.317,0.0,100.0,31,XPS 9730 Performance Engineering,1.0226378593487508,
2026-08-17T17:46:02,charge,73.55476746532884,12.706,26.975,0.0,26.975,26.94726229508197,26.918163636363637,2.1230127498819455,76.533,104.049,103.317,0.0,100.0,31,XPS 9730 Performance Engineering,1.022209403721313,
2026-08-17T17:46:03,charge,73.56630049303693,12.706,26.975,0.0,26.975,26.948278688524592,26.918675675675676,2.1230127498819455,76.545,104.049,103.317,0.0,100.0,31,XPS 9730 Performance Engineering,1.0217441723871001,
2026-08-17T17:46:04,charge,73.56630049303693,12.707,26.977,0.0,26.977,26.948836065573772,26.91919642857143,2.123003069174471,76.545,104.049,103.317,0.0,100.0,31,XPS 9730 Performance Engineering,1.0217244067065792,
2026-08-17T17:46:05,charge,73.57687243510269,12.707,26.977,0.0,26.977,26.949393442622952,26.91970796460177,2.123003069174471,76.556,104.049,103.317,0.0,100.0,31,XPS 9730 Performance Engineering,1.021296369045017,
2026-08-17T17:46:06,charge,73.58840546281078,12.707,26.99,0.0,26.99,26.95016393442623,26.920324561403508,2.124026127331392,76.568,104.049,103.317,0.0,100.0,31,XPS 9730 Performance Engineering,1.0208272168976877,
2026-08-17T17:46:08,charge,73.58840546281078,12.708,26.979,0.0,26.979,26.950754098360658,26.920834782608697,2.122993389990557,76.568,104.049,103.317,0.0,100.0,31,XPS 9730 Performance Engineering,1.020807869514997,
2026-08-17T17:46:09,charge,73.59993849051888,12.708,26.979,0.0,26.979,26.95134426229508,26.92133620689655,2.122993389990557,76.58,104.049,103.317,0.0,100.0,31,XPS 9730 Performance Engineering,1.020343113317056,
2026-08-17T17:46:10,charge,73.61051043258465,12.694,26.543,0.0,26.543,26.944786885245904,26.918102564102565,2.0909878682842287,76.591,104.049,103.317,0.0,100.0,31,XPS 9730 Performance Engineering,1.0200570391100836,
2026-08-17T17:46:11,charge,73.61051043258465,12.709,26.905,0.0,26.905,26.944163934426232,26.917991525423727,2.117003698166654,76.591,104.049,103.317,0.0,100.0,31,XPS 9730 Performance Engineering,1.020061246919788,
2026-08-17T17:46:12,charge,73.62204346029274,12.709,26.905,0.0,26.905,26.943540983606557,26.917882352941177,2.117003698166654,76.603,104.049,103.317,0.0,100.0,31,XPS 9730 Performance Engineering,1.0196195837448978,
2026-08-17T17:46:13,charge,73.63261540235851,12.709,26.714,0.0,26.714,26.939721311475413,26.916183333333333,2.101974978361791,76.614,104.049,103.317,0.0,100.0,31,XPS 9730 Performance Engineering,1.0192752687199957,
2026-08-17T17:46:14,charge,73.63261540235851,12.709,27.007,0.0,27.007,26.940737704918032,26.91693388429752,2.125029506648832,76.614,104.049,103.317,0.0,100.0,31,XPS 9730 Performance Engineering,1.0192468472794631,
2026-08-17T17:46:15,charge,73.64414843006661,12.709,27.007,0.0,27.007,26.941754098360658,26.91767213114754,2.125029506648832,76.626,104.049,103.317,0.0,100.0,31,XPS 9730 Performance Engineering,1.0187730895298233,
2026-08-17T17:46:16,charge,73.64414843006661,12.709,26.994,0.0,26.994,26.942524590163934,26.91829268292683,2.124006609489338,76.626,104.049,103.317,0.0,100.0,31,XPS 9730 Performance Engineering,1.018749603588094,
2026-08-17T17:46:17,charge,73.6556814577747,12.71,26.92,0.0,26.92,26.943918032786886,26.918306451612903,2.1180173092053503,76.638,104.049,103.317,0.0,100.0,31,XPS 9730 Performance Engineering,1.018303289223367,
2026-08-17T17:46:19,charge,73.6556814577747,12.71,26.92,0.0,26.92,26.945311475409834,26.91832,2.1180173092053503,76.638,104.049,103.317,0.0,100.0,31,XPS 9730 Performance Engineering,1.0183027766963169,
2026-08-17T17:46:20,charge,73.66625339984046,12.71,26.983,0.0,26.983,26.945688524590167,26.918833333333335,2.122974036191975,76.649,104.049,103.317,0.0,100.0,31,XPS 9730 Performance Engineering,1.017874722158588,
2026-08-17T17:46:21,charge,73.67778642754855,12.712,26.988,0.0,26.988,26.94611475409836,26.919377952755905,2.1230333543108872,76.661,104.049,103.317,0.0,100.0,31,XPS 9730 Performance Engineering,1.0174083534941463,
2026-08-17T17:46:22,charge,73.67778642754855,12.709,26.981,0.0,26.981,26.946426229508198,26.919859375,2.1229837123298454,76.661,104.049,103.317,0.0,100.0,31,XPS 9730 Performance Engineering,1.0173901586363694,
2026-08-17T17:46:23,charge,73.6883583696143,12.709,26.981,0.0,26.981,26.946868852459016,26.920333333333332,2.1229837123298454,76.672,104.049,103.317,0.0,100.0,31,XPS 9730 Performance Engineering,1.0169636334369316,
2026-08-17T17:46:24,charge,73.6998913973224,12.711,26.998,0.0,26.998,26.94759016393443,26.920930769230768,2.1239870977893163,76.684,104.049,103.317,0.0,100.0,31,XPS 9730 Performance Engineering,1.0164953149122462,
2026-08-17T17:46:25,charge,73.6998913973224,12.713,27.002,0.0,27.002,26.94837704918033,26.92154961832061,2.1239675922284276,76.684,104.049,103.317,0.0,100.0,31,XPS 9730 Performance Engineering,1.01647194860498,
2026-08-17T17:46:26,charge,73.7114244250305,12.713,27.002,0.0,27.002,26.948934426229506,26.92215909090909,2.1239675922284276,76.696,104.049,103.317,0.0,100.0,31,XPS 9730 Performance Engineering,1.0160032079015684,
2026-08-17T17:46:27,charge,73.72199636709627,12.713,27.002,0.0,27.002,26.949590163934424,26.92275939849624,2.1239675922284276,76.707,104.049,103.317,0.0,100.0,31,XPS 9730 Performance Engineering,1.0155719774224625,
2026-08-17T17:46:28,charge,73.72199636709627,12.713,27.002,0.0,27.002,26.95024590163934,26.923350746268657,2.1239675922284276,76.707,104.049,103.317,0.0,100.0,31,XPS 9730 Performance Engineering,1.0155496712751988,
2026-08-17T17:46:29,charge,73.72199636709627,12.713,26.85,0.0,26.85,26.94834426229508,26.922807407407408,2.1120113269881227,76.707,104.049,103.317,0.0,100.0,31,XPS 9730 Performance Engineering,1.0155701664484391,
2026-08-17T17:46:31,charge,73.74410133687013,12.711,25.93,0.0,25.93,26.931327868852456,26.915507352941177,2.0399653843128,76.73,104.049,103.317,0.0,100.0,31,XPS 9730 Performance Engineering,1.014991084573211,
2026-08-17T17:46:32,charge,73.74410133687013,12.71,25.928,0.0,25.928,26.914311475409836,26.90829927007299,2.0399685287175453,76.73,104.049,103.317,0.0,100.0,31,XPS 9730 Performance Engineering,1.0152629761474292,
2026-08-17T17:46:33,charge,73.75563436457823,12.71,26.45,0.0,26.45,26.907721311475413,26.904978260869566,2.081038552321007,76.742,104.049,103.317,0.0,100.0,31,XPS 9730 Performance Engineering,1.0149422807642678,
2026-08-17T17:46:34,charge,73.75563436457823,12.715,27.007,0.0,27.007,26.908311475409835,26.90571223021583,2.1240267400707826,76.742,104.049,103.317,0.0,100.0,31,XPS 9730 Performance Engineering,1.014914593836082,
2026-08-17T17:46:35,charge,73.75563436457823,12.714,27.005,0.0,27.005,26.908868852459015,26.906421428571427,2.124036495202139,76.742,104.049,103.317,0.0,100.0,31,XPS 9730 Performance Engineering,1.0148878427587256,
2026-08-17T17:46:36,charge,73.76716739228632,12.714,26.966,0.0,26.966,26.909000000000002,26.906843971631208,2.1209690105395627,76.754,104.049,103.317,0.0,100.0,31,XPS 9730 Performance Engineering,1.0144259218501448,
2026-08-17T17:46:37,charge,73.78927236206017,12.715,26.994,0.0,26.994,26.90959016393443,26.907457746478872,2.1230043255996853,76.777,104.049,103.317,0.0,100.0,31,XPS 9730 Performance Engineering,1.013548000593584,
2026-08-17T17:46:38,charge,73.78927236206017,12.716,26.983,0.0,26.983,26.90993442622951,26.907986013986015,2.1219723183391004,76.777,104.049,103.317,0.0,100.0,31,XPS 9730 Performance Engineering,1.0135281022453626,
2026-08-17T17:46:39,charge,73.78927236206017,12.716,26.983,0.0,26.983,26.910278688524592,26.908506944444444,2.1219723183391004,76.777,104.049,103.317,0.0,100.0,31,XPS 9730 Performance Engineering,1.0135084810281758,
2026-08-17T17:46:40,charge,73.80080538976827,12.716,27.009,0.0,27.009,26.911770491803278,26.9092,2.124016986473734,76.789,104.049,103.317,0.0,100.0,31,XPS 9730 Performance Engineering,1.0130364336360802,
2026-08-17T17:46:41,charge,73.80080538976827,12.715,27.007,0.0,27.007,26.912360655737704,26.909869863013697,2.1240267400707826,76.789,104.049,103.317,0.0,100.0,31,XPS 9730 Performance Engineering,1.0130112162849045,
2026-08-17T17:46:43,charge,73.82291035954212,12.715,27.007,0.0,27.007,26.912950819672133,26.910530612244898,2.1240267400707826,76.812,104.049,103.317,0.0,100.0,31,XPS 9730 Performance Engineering,1.0121316592548555,
2026-08-17T17:46:44,charge,73.82291035954212,12.715,26.994,0.0,26.994,26.91322950819672,26.911094594594594,2.1230043255996853,76.812,104.049,103.317,0.0,100.0,31,XPS 9730 Performance Engineering,1.0121104477656913,
2026-08-17T17:46:45,charge,73.82291035954212,12.715,26.994,0.0,26.994,26.915,26.911651006711413,2.1230043255996853,76.812,104.049,103.317,0.0,100.0,31,XPS 9730 Performance Engineering,1.0120895218657324,
2026-08-17T17:46:46,charge,73.83348230160789,12.715,26.994,0.0,26.994,26.91677049180328,26.9122,2.1230043255996853,76.823,104.049,103.317,0.0,100.0,31,XPS 9730 Performance Engineering,1.0116601392676932,
2026-08-17T17:46:47,charge,73.84501532931598,12.715,27.007,0.0,27.007,26.920393442622952,26.912827814569535,2.1240267400707826,76.835,104.049,103.317,0.0,100.0,31,XPS 9730 Performance Engineering,1.011190655530722,
2026-08-17T17:46:48,charge,73.84501532931598,12.717,27.011,0.0,27.011,26.92254098360656,26.913473684210526,2.124007234410631,76.835,104.049,103.317,0.0,100.0,31,XPS 9730 Performance Engineering,1.0111663889736313,
2026-08-17T17:46:49,charge,73.85654835702408,12.717,27.011,0.0,27.011,26.924688524590163,26.914111111111115,2.124007234410631,76.847,104.049,103.317,0.0,100.0,31,XPS 9730 Performance Engineering,1.0106965780032782,
2026-08-17T17:46:50,charge,73.86712029908985,12.716,26.805,0.0,26.805,26.921901639344263,26.913402597402595,2.1079742057250708,76.858,104.049,103.317,0.0,100.0,31,XPS 9730 Performance Engineering,1.0103144669869502,
2026-08-17T17:46:51,charge,73.86712029908985,12.719,26.583,0.0,26.583,26.91544262295082,26.911270967741938,2.090022800534633,76.858,104.049,103.317,0.0,100.0,31,XPS 9730 Performance Engineering,1.0103944935411402,
2026-08-17T17:46:52,charge,73.86712029908985,12.719,26.583,0.0,26.583,26.908983606557378,26.909166666666668,2.090022800534633,76.858,104.049,103.317,0.0,100.0,31,XPS 9730 Performance Engineering,1.0104735065498127,
2026-08-17T17:46:53,charge,73.87865332679795,12.718,26.924,0.0,26.924,26.908081967213114,26.909261146496814,2.1169995282277085,76.87,104.049,103.317,0.0,100.0,31,XPS 9730 Performance Engineering,1.0100240155994884,
2026-08-17T17:46:55,charge,73.87865332679795,12.719,26.99,0.0,26.99,26.90829508196721,26.909772151898732,2.1220221715543675,76.87,104.049,103.317,0.0,100.0,31,XPS 9730 Performance Engineering,1.0100048356627305,
2026-08-17T17:46:56,charge,73.8892252688637,12.719,26.99,0.0,26.99,26.908508196721314,26.91027672955975,2.1220221715543675,76.881,104.049,103.317,0.0,100.0,31,XPS 9730 Performance Engineering,1.0095771319273412,
2026-08-17T17:46:57,charge,73.9007582965718,12.721,27.019,0.0,27.019,26.90906557377049,26.910956249999998,2.1239682414904486,76.893,104.049,103.317,0.0,100.0,31,XPS 9730 Performance Engineering,1.0091057243645887,
2026-08-17T17:46:58,charge,73.9007582965718,12.719,27.015,0.0,27.015,26.909622950819674,26.91160248447205,2.123987734884818,76.893,104.049,103.317,0.0,100.0,31,XPS 9730 Performance Engineering,1.0090814924777882,
2026-08-17T17:46:59,charge,73.9122913242799,12.719,27.015,0.0,27.015,26.91018032786885,26.912240740740742,2.123987734884818,76.905,104.049,103.317,0.0,100.0,31,XPS 9730 Performance Engineering,1.0086116671403142,
2026-08-17T17:47:00,charge,73.92286326634564,12.719,27.002,0.0,27.002,26.91104918032787,26.912791411042942,2.122965641952984,76.916,104.049,103.317,0.0,100.0,31,XPS 9730 Performance Engineering,1.0081823020731588,
2026-08-17T17:47:01,charge,73.92286326634564,12.721,26.994,0.0,26.994,26.9117868852459,26.913286585365856,2.122002987186542,76.916,104.049,103.317,0.0,100.0,31,XPS 9730 Performance Engineering,1.0081637526482412,
2026-08-17T17:47:02,charge,73.93439629405376,12.721,26.994,0.0,26.994,26.912524590163933,26.91377575757576,2.122002987186542,76.928,104.049,103.317,0.0,100.0,31,XPS 9730 Performance Engineering,1.0076995604143695,
2026-08-17T17:47:03,charge,73.94496823611951,12.72,27.005,0.0,27.005,26.912704918032787,26.91432530120482,2.123034591194968,76.939,104.049,103.317,0.0,100.0,31,XPS 9730 Performance Engineering,1.0072702806630056,
2026-08-17T17:47:04,charge,73.94496823611951,12.723,27.011,0.0,27.011,26.913131147540984,26.914904191616763,2.1230055804448633,76.939,104.049,103.317,0.0,100.0,31,XPS 9730 Performance Engineering,1.0072486161196894,
2026-08-17T17:47:05,charge,73.95650126382762,12.723,27.011,0.0,27.011,26.91355737704918,26.91547619047619,2.1230055804448633,76.951,104.049,103.317,0.0,100.0,31,XPS 9730 Performance Engineering,1.0067813702507855,
2026-08-17T17:47:07,charge,73.96803429153572,12.721,27.007,0.0,27.007,26.914081967213114,26.916017751479288,2.123024919424574,76.963,104.049,103.317,0.0,100.0,31,XPS 9730 Performance Engineering,1.006315282226747,
2026-08-17T17:47:08,charge,73.96803429153572,12.721,27.007,0.0,27.007,26.91460655737705,26.916552941176473,2.123024919424574,76.963,104.049,103.317,0.0,100.0,31,XPS 9730 Performance Engineering,1.00629527336557,
2026-08-17T17:47:09,charge,73.97860623360147,12.721,27.007,0.0,27.007,26.915131147540986,26.91708187134503,2.123024919424574,76.974,104.049,103.317,0.0,100.0,31,XPS 9730 Performance Engineering,1.0058668368811214,
2026-08-17T17:47:10,charge,73.97860623360147,12.723,26.947,0.0,26.947,26.914672131147544,26.91725581395349,2.117975320286096,76.974,104.049,103.317,0.0,100.0,31,XPS 9730 Performance Engineering,1.0058603368462524,
2026-08-17T17:47:11,charge,73.97860623360147,12.721,26.994,0.0,26.994,26.91495081967213,26.917699421965317,2.122002987186542,76.974,104.049,103.317,0.0,100.0,31,XPS 9730 Performance Engineering,1.0058437601062715,
2026-08-17T17:47:12,charge,74.00167228901768,12.721,26.994,0.0,26.994,26.91522950819672,26.918137931034483,2.122002987186542,76.998,104.049,103.317,0.0,100.0,31,XPS 9730 Performance Engineering,1.0049357823080451,
2026-08-17T17:47:13,charge,74.01224423108343,12.723,27.011,0.0,27.011,26.9155737704918,26.91866857142857,2.1230055804448633,77.009,104.049,103.317,0.0,100.0,31,XPS 9730 Performance Engineering,1.0045073339437085,
2026-08-17T17:47:14,charge,74.01224423108343,12.724,27.013,0.0,27.013,26.916131147540984,26.919204545454544,2.1229959132348317,77.009,104.049,103.317,0.0,100.0,31,XPS 9730 Performance Engineering,1.0044873337301439,
2026-08-17T17:47:15,charge,74.01224423108343,12.724,27.013,0.0,27.013,26.916688524590167,26.919734463276836,2.1229959132348317,77.009,104.049,103.317,0.0,100.0,31,XPS 9730 Performance Engineering,1.0044675602906572,
2026-08-17T17:47:16,charge,74.03434920085729,12.724,27.026,0.0,27.026,26.92460655737705,26.92033146067416,2.124017604526878,77.032,104.049,103.317,0.0,100.0,31,XPS 9730 Performance Engineering,1.0035909119271829,
2026-08-17T17:47:17,charge,74.03434920085729,12.724,26.886,0.0,26.886,26.924295081967212,26.92013966480447,2.113014775227916,77.032,104.049,103.317,0.0,100.0,31,XPS 9730 Performance Engineering,1.0035980621349516,
2026-08-17T17:47:19,charge,74.03434920085729,12.725,26.888,0.0,26.888,26.924016393442624,26.91996111111111,2.113005893909627,77.032,104.049,103.317,0.0,100.0,31,XPS 9730 Performance Engineering,1.0036047187619765,
2026-08-17T17:47:20,charge,74.04588222856539,12.725,27.041,0.0,27.041,26.929377049180328,26.920629834254143,2.1250294695481338,77.044,104.049,103.317,0.0,100.0,31,XPS 9730 Performance Engineering,1.0031340338716188,
2026-08-17T17:47:21,charge,74.06798719833924,12.725,27.002,0.0,27.002,26.92929508196721,26.921076923076924,2.1219646365422395,77.067,104.049,103.317,0.0,100.0,31,XPS 9730 Performance Engineering,1.002263025253305,
2026-08-17T17:47:22,charge,74.06798719833924,12.726,27.005,0.0,27.005,26.929262295081966,26.92153551912568,2.122033631934622,77.067,104.049,103.317,0.0,100.0,31,XPS 9730 Performance Engineering,1.002245952160915,
2026-08-17T17:47:23,charge,74.06798719833924,12.726,27.03,0.0,27.03,26.929852459016395,26.922125,2.123998114097124,77.067,104.049,103.317,0.0,100.0,31,XPS 9730 Performance Engineering,1.0022240072059696,
2026-08-17T17:47:24,charge,74.07952022604734,12.726,27.03,0.0,27.03,26.931655737704915,26.922708108108107,2.123998114097124,77.079,104.049,103.317,0.0,100.0,31,XPS 9730 Performance Engineering,1.0017565800476684,
2026-08-17T17:47:25,charge,74.07952022604734,12.726,27.03,0.0,27.03,26.933459016393442,26.923284946236556,2.123998114097124,77.079,104.049,103.317,0.0,100.0,31,XPS 9730 Performance Engineering,1.001735117161845,
2026-08-17T17:47:26,charge,74.0900921681131,12.726,26.941,0.0,26.941,26.932770491803275,26.923379679144382,2.1170045575986167,77.09,104.049,103.317,0.0,100.0,31,XPS 9730 Performance Engineering,1.001323025611202,
2026-08-17T17:47:27,charge,74.0900921681131,12.727,26.841,0.0,26.841,26.930360655737704,26.9229414893617,2.108980906733716,77.09,104.049,103.317,0.0,100.0,31,XPS 9730 Performance Engineering,1.0013393228467458,
2026-08-17T17:47:28,charge,74.0900921681131,12.727,26.841,0.0,26.841,26.928065573770493,26.922507936507937,2.108980906733716,77.09,104.049,103.317,0.0,100.0,31,XPS 9730 Performance Engineering,1.001355448146886,
2026-08-17T17:47:29,charge,74.1016251958212,12.727,27.032,0.0,27.032,26.92890163934426,26.92308421052632,2.1239883711793826,77.102,104.049,103.317,0.0,100.0,31,XPS 9730 Performance Engineering,1.0008883005114375,
2026-08-17T17:47:31,charge,74.1131582235293,12.727,27.019,0.0,27.019,26.929245901639344,26.923586387434554,2.1229669207197297,77.114,104.049,103.317,0.0,100.0,31,XPS 9730 Performance Engineering,1.0004239261590637,
2026-08-17T17:47:32,charge,74.1131582235293,12.727,27.019,0.0,27.019,26.929524590163936,26.924083333333332,2.1229669207197297,77.114,104.049,103.317,0.0,100.0,31,XPS 9730 Performance Engineering,1.0004054610339568,
2026-08-17T17:47:33,charge,74.12373016559505,12.727,27.019,0.0,27.019,26.929803278688524,26.92457512953368,2.1229669207197297,77.125,104.049,103.317,0.0,100.0,31,XPS 9730 Performance Engineering,0.999978639234569,
2026-08-17T17:47:34,charge,74.13526319330315,12.727,27.019,0.0,27.019,26.930081967213113,26.925061855670105,2.1229669207197297,77.137,104.049,103.317,0.0,100.0,31,XPS 9730 Performance Engineering,0.9995148811267318,
2026-08-17T17:47:35,charge,74.13526319330315,12.729,27.036,0.0,27.036,26.930639344262296,26.925630769230768,2.123968889936366,77.137,104.049,103.317,0.0,100.0,31,XPS 9730 Performance Engineering,0.9994937623059759,
2026-08-17T17:47:36,charge,74.14583513536891,12.729,27.036,0.0,27.036,26.933688524590163,26.926193877551018,2.123968889936366,77.148,104.049,103.317,0.0,100.0,31,XPS 9730 Performance Engineering,0.9990643357295287,
2026-08-17T17:47:37,charge,74.15736816307701,12.728,27.034,0.0,27.034,26.9517868852459,26.92674111675127,2.123978629792583,77.16,104.049,103.317,0.0,100.0,31,XPS 9730 Performance Engineering,0.9985983778509394,
2026-08-17T17:47:38,charge,74.15736816307701,12.729,27.036,0.0,27.036,26.96995081967213,26.927292929292932,2.123968889936366,77.16,104.049,103.317,0.0,100.0,31,XPS 9730 Performance Engineering,0.9985779138885786,
2026-08-17T17:47:39,charge,74.1689011907851,12.729,27.036,0.0,27.036,26.97955737704918,26.9278391959799,2.123968889936366,77.172,104.049,103.317,0.0,100.0,31,XPS 9730 Performance Engineering,0.9981120209605426,
2026-08-17T17:47:40,charge,74.17947313285087,12.732,27.043,0.0,27.043,26.980147540983605,26.928415,2.1240182218033303,77.183,104.049,103.317,0.0,100.0,31,XPS 9730 Performance Engineering,0.9976821881272997,
2026-08-17T17:47:42,charge,74.17947313285087,12.731,27.041,0.0,27.041,26.980737704918035,26.92897512437811,2.124027963239337,77.183,104.049,103.317,0.0,100.0,31,XPS 9730 Performance Engineering,0.9976614362749698,
2026-08-17T17:47:43,charge,74.19100616055896,12.731,27.041,0.0,27.041,26.981967213114757,26.9295297029703,2.124027963239337,77.195,104.049,103.317,0.0,100.0,31,XPS 9730 Performance Engineering,0.9971952832521261,
2026-08-17T17:47:44,charge,74.20253918826705,12.731,26.837,0.0,26.837,26.97939344262295,26.929073891625617,2.1080040845181056,77.207,104.049,103.317,0.0,100.0,31,XPS 9730 Performance Engineering,0.9967665471164724,
2026-08-17T17:47:45,charge,74.20253918826705,12.73,27.026,0.0,27.026,26.980098360655738,26.92954901960784,2.123016496465043,77.207,104.049,103.317,0.0,100.0,31,XPS 9730 Performance Engineering,0.9967489607960356,
2026-08-17T17:47:46,charge,74.21311113033282,12.73,27.026,0.0,27.026,26.980803278688523,26.930019512195123,2.123016496465043,77.218,104.049,103.317,0.0,100.0,31,XPS 9730 Performance Engineering,0.9963230805625566,
2026-08-17T17:47:47,charge,74.22464415804092,12.732,27.043,0.0,27.043,26.981360655737706,26.93056796116505,2.1240182218033303,77.23,104.049,103.317,0.0,100.0,31,XPS 9730 Performance Engineering,0.9958571998434667,
2026-08-17T17:47:48,charge,74.22464415804092,12.734,26.907,0.0,26.907,26.97972131147541,26.930454106280195,2.113004554735354,77.23,104.049,103.317,0.0,100.0,31,XPS 9730 Performance Engineering,0.9958614100660783,
2026-08-17T17:47:49,charge,74.22464415804092,12.734,26.907,0.0,26.907,26.978081967213114,26.93034134615385,2.113004554735354,77.23,104.049,103.317,0.0,100.0,31,XPS 9730 Performance Engineering,0.9958655798408679,
2026-08-17T17:47:50,charge,74.24674912781477,12.732,27.043,0.0,27.043,26.97888524590164,26.93088038277512,2.1240182218033303,77.253,104.049,103.317,0.0,100.0,31,XPS 9730 Performance Engineering,0.9949916088572663,
2026-08-17T17:47:51,charge,74.24674912781477,12.732,27.043,0.0,27.043,26.979688524590163,26.931414285714286,2.1240182218033303,77.253,104.049,103.317,0.0,100.0,31,XPS 9730 Performance Engineering,0.994971883604861,
2026-08-17T17:47:53,charge,74.25828215552286,12.732,27.043,0.0,27.043,26.98049180327869,26.931943127962086,2.1240182218033303,77.265,104.049,103.317,0.0,100.0,31,XPS 9730 Performance Engineering,0.9945067785395523,
2026-08-17T17:47:54,charge,74.25828215552286,12.734,26.856,0.0,26.856,26.978016393442626,26.93158490566038,2.1089995288204806,77.265,104.049,103.317,0.0,100.0,31,XPS 9730 Performance Engineering,0.9945200066695906,
2026-08-17T17:47:55,charge,74.25828215552286,12.732,26.966,0.0,26.966,26.977278688524592,26.93174647887324,2.1179704681118445,77.265,104.049,103.317,0.0,100.0,31,XPS 9730 Performance Engineering,0.99451404018714,
2026-08-17T17:47:56,charge,74.28038712529673,12.732,26.966,0.0,26.966,26.976540983606558,26.931906542056073,2.1179704681118445,77.288,104.049,103.317,0.0,100.0,31,XPS 9730 Performance Engineering,0.993654123899874,
2026-08-17T17:47:57,charge,74.2909590673625,12.734,26.92,0.0,26.92,26.978426229508194,26.931851162790696,2.1140254436940475,77.299,104.049,103.317,0.0,100.0,31,XPS 9730 Performance Engineering,0.9932477288066279,
2026-08-17T17:47:58,charge,74.2909590673625,12.735,26.947,0.0,26.947,26.984393442622952,26.931921296296295,2.1159795838241067,77.299,104.049,103.317,0.0,100.0,31,XPS 9730 Performance Engineering,0.9932451422869221,
2026-08-17T17:47:59,charge,74.2909590673625,12.735,26.947,0.0,26.947,26.990360655737707,26.93199078341014,2.1159795838241067,77.299,104.049,103.317,0.0,100.0,31,XPS 9730 Performance Engineering,0.9932425796193929,
2026-08-17T17:48:00,charge,74.30249209507059,12.734,26.792,0.0,26.792,26.988196721311475,26.93134862385321,2.103973613946914,77.311,104.049,103.317,0.0,100.0,31,XPS 9730 Performance Engineering,0.9928206854192975,
2026-08-17T17:48:01,charge,74.30249209507059,12.734,26.983,0.0,26.983,26.988081967213112,26.931584474885845,2.1189728286477147,77.311,104.049,103.317,0.0,100.0,31,XPS 9730 Performance Engineering,0.9928119908776118,
2026-08-17T17:48:02,charge,74.31402512277869,12.734,26.983,0.0,26.983,26.987967213114754,26.931818181818183,2.1189728286477147,77.323,104.049,103.317,0.0,100.0,31,XPS 9730 Performance Engineering,0.9923578059071735,
2026-08-17T17:48:03,charge,74.31402512277869,12.736,27.039,0.0,27.039,26.988295081967212,26.932303167420812,2.1230370603015074,77.323,104.049,103.317,0.0,100.0,31,XPS 9730 Performance Engineering,0.9923399359446408,
2026-08-17T17:48:05,charge,74.32459706484444,12.737,27.053,0.0,27.053,26.988918032786888,26.932846846846846,2.1239695375677163,77.334,104.049,103.317,0.0,100.0,31,XPS 9730 Performance Engineering,0.9919114808736846,
2026-08-17T17:48:06,charge,74.32459706484444,12.738,27.056,0.0,27.056,26.989590163934427,26.933399103139013,2.124038310566808,77.334,104.049,103.317,0.0,100.0,31,XPS 9730 Performance Engineering,0.991891142209616,
2026-08-17T17:48:07,charge,74.33613009255254,12.738,27.043,0.0,27.043,26.990262295081966,26.933888392857142,2.123017742188727,77.346,104.049,103.317,0.0,100.0,31,XPS 9730 Performance Engineering,0.9914275878220996,
2026-08-17T17:48:08,charge,74.34670203461829,12.736,27.039,0.0,27.039,26.991,26.93435555555556,2.1230370603015074,77.357,104.049,103.317,0.0,100.0,31,XPS 9730 Performance Engineering,0.9910019916735835,
2026-08-17T17:48:09,charge,74.34670203461829,12.738,27.043,0.0,27.043,26.991803278688526,26.93483628318584,2.123017742188727,77.357,104.049,103.317,0.0,100.0,31,XPS 9730 Performance Engineering,0.9909843044660559,
2026-08-17T17:48:10,charge,74.3582350623264,12.738,27.043,0.0,27.043,26.992426229508197,26.935312775330395,2.123017742188727,77.369,104.049,103.317,0.0,100.0,31,XPS 9730 Performance Engineering,0.9905212619040301,
2026-08-17T17:48:11,charge,74.3697680900345,12.739,27.058,0.0,27.058,26.993196721311477,26.93585087719298,2.124028573671403,77.381,104.049,103.317,0.0,100.0,31,XPS 9730 Performance Engineering,0.9900559711882068,
2026-08-17T17:48:12,charge,74.3697680900345,12.736,27.051,0.0,27.051,26.993852459016395,26.936353711790392,2.1239792713567835,77.381,104.049,103.317,0.0,100.0,31,XPS 9730 Performance Engineering,0.9900374893104806,
2026-08-17T17:48:13,charge,74.38034003210025,12.736,27.051,0.0,27.051,26.994573770491805,26.936852173913042,2.1239792713567835,77.392,104.049,103.317,0.0,100.0,31,XPS 9730 Performance Engineering,0.9896108063367532,
2026-08-17T17:48:14,charge,74.39187305980836,12.738,27.017,0.0,27.017,26.994737704918034,26.937199134199137,2.120976605432564,77.404,104.049,103.317,0.0,100.0,31,XPS 9730 Performance Engineering,0.9891525791993662,
2026-08-17T17:48:15,charge,74.39187305980836,12.74,27.022,0.0,27.022,26.994983606557376,26.937564655172416,2.1210361067503922,77.404,104.049,103.317,0.0,100.0,31,XPS 9730 Performance Engineering,0.9891391571985989,
2026-08-17T17:48:17,charge,74.40244500187411,12.74,27.06,0.0,27.06,26.99683606557377,26.938090128755363,2.1240188383045524,77.415,104.049,103.317,0.0,100.0,31,XPS 9730 Performance Engineering,0.9887115186228159,
2026-08-17T17:48:18,charge,74.41397802958221,12.737,26.913,0.0,26.913,26.995508196721314,26.937982905982906,2.112977938290021,77.427,104.049,103.317,0.0,100.0,31,XPS 9730 Performance Engineering,0.9882699863948341,
2026-08-17T17:48:19,charge,74.41397802958221,12.74,27.034,0.0,27.034,26.99616393442623,26.938391489361702,2.121978021978022,77.427,104.049,103.317,0.0,100.0,31,XPS 9730 Performance Engineering,0.9882549969812916,
2026-08-17T17:48:20,charge,74.42551105729031,12.74,27.034,0.0,27.034,26.996540983606558,26.93879661016949,2.121978021978022,77.439,104.049,103.317,0.0,100.0,31,XPS 9730 Performance Engineering,0.9877946808490564,
2026-08-17T17:48:21,charge,74.43608299935607,12.739,27.058,0.0,27.058,26.99727868852459,26.93929957805907,2.124028573671403,77.45,104.049,103.317,0.0,100.0,31,XPS 9730 Performance Engineering,0.9873679129231621,
2026-08-17T17:48:22,charge,74.43608299935607,12.74,27.06,0.0,27.06,26.99804918032787,26.939806722689074,2.1240188383045524,77.45,104.049,103.317,0.0,100.0,31,XPS 9730 Performance Engineering,0.9873493256207352,
2026-08-17T17:48:23,charge,74.44761602706417,12.74,27.06,0.0,27.06,26.998606557377048,26.940309623430963,2.1240188383045524,77.462,104.049,103.317,0.0,100.0,31,XPS 9730 Performance Engineering,0.9868854653725407,
2026-08-17T17:48:24,charge,74.45914905477227,12.741,27.062,0.0,27.062,27.001491803278686,26.940816666666667,2.1240091044658977,77.474,104.049,103.317,0.0,100.0,31,XPS 9730 Performance Engineering,0.9864214707670952,
2026-08-17T17:48:25,charge,74.45914905477227,12.74,26.779,0.0,26.779,26.999704918032787,26.940145228215766,2.101962323390895,77.474,104.049,103.317,0.0,100.0,31,XPS 9730 Performance Engineering,0.9864460556866884,
2026-08-17T17:48:26,charge,74.46972099683802,12.74,26.779,0.0,26.779,26.995409836065573,26.939479338842975,2.101962323390895,77.485,104.049,103.317,0.0,100.0,31,XPS 9730 Performance Engineering,0.9860621159703863,
2026-08-17T17:48:27,charge,74.48125402454612,12.742,27.064,0.0,27.064,26.996426229508195,26.939991769547323,2.1239993721550774,77.497,104.049,103.317,0.0,100.0,31,XPS 9730 Performance Engineering,0.9855979254609165,
2026-08-17T17:48:29,charge,74.48125402454612,12.741,27.062,0.0,27.062,26.997360655737705,26.940491803278686,2.1240091044658977,77.497,104.049,103.317,0.0,100.0,31,XPS 9730 Performance Engineering,0.9855796320974586,
2026-08-17T17:48:30,charge,74.49182596661188,12.741,27.062,0.0,27.062,26.997885245901642,26.940987755102043,2.1240091044658977,77.508,104.049,103.317,0.0,100.0,31,XPS 9730 Performance Engineering,0.9851531889350909,
2026-08-17T17:48:31,charge,74.50335899431998,12.742,26.962,0.0,26.962,26.996770491803275,26.941073170731705,2.115994349395699,77.52,104.049,103.317,0.0,100.0,31,XPS 9730 Performance Engineering,0.9847046489900275,
2026-08-17T17:48:32,charge,74.50335899431998,12.744,27.056,0.0,27.056,26.997196721311475,26.941538461538464,2.123038292529818,77.52,104.049,103.317,0.0,100.0,31,XPS 9730 Performance Engineering,0.9846876427592511,
2026-08-17T17:48:33,charge,74.50335899431998,12.744,27.056,0.0,27.056,26.999081967213115,26.942,2.123038292529818,77.52,104.049,103.317,0.0,100.0,31,XPS 9730 Performance Engineering,0.9846707742558092,
2026-08-17T17:48:34,charge,74.51489202202808,12.743,27.066,0.0,27.066,27.00277049180328,26.94249799196787,2.1239896413717334,77.532,104.049,103.317,0.0,100.0,31,XPS 9730 Performance Engineering,0.9842071810826633,
2026-08-17T17:48:35,charge,74.51489202202808,12.743,26.786,0.0,26.786,27.001868852459015,26.941872,2.102016793533705,77.532,104.049,103.317,0.0,100.0,31,XPS 9730 Performance Engineering,0.9842300490478171,
2026-08-17T17:48:37,charge,74.53699699180194,12.744,27.068,0.0,27.068,27.068,27.068,2.1239799121155056,77.555,104.049,103.317,0.0,100.0,31,XPS 9730 Performance Engineering,0.9787941480715235,
2026-08-17T17:48:38,charge,74.53699699180194,12.744,27.068,0.0,27.068,27.068,27.068,2.1239799121155056,77.555,104.049,103.317,0.0,100.0,31,XPS 9730 Performance Engineering,0.9787941480715235,
2026-08-17T17:48:39,charge,74.53699699180194,12.743,25.907,0.0,25.907,26.681,26.681,2.0330377462136076,77.555,104.049,103.317,0.0,100.0,31,XPS 9730 Performance Engineering,0.9929912671938832,
2026-08-17T17:48:40,charge,74.53699699180194,12.744,27.068,0.0,27.068,26.77775,26.77775,2.1239799121155056,77.555,104.049,103.317,0.0,100.0,31,XPS 9730 Performance Engineering,0.989403515978751,
2026-08-17T17:48:41,charge,74.55910196157579,12.744,27.068,0.0,27.068,26.8358,26.8358,2.1239799121155056,77.578,104.049,103.317,0.0,100.0,31,XPS 9730 Performance Engineering,0.9864062185587911,
2026-08-17T17:48:42,charge,74.55910196157579,12.746,27.06,0.0,27.06,26.873166666666666,26.873166666666666,2.1230189863486584,77.578,104.049,103.317,0.0,100.0,31,XPS 9730 Performance Engineering,0.9850346380218187,
2026-08-17T17:48:43,charge,74.55910196157579,12.745,26.025,0.0,26.025,26.752000000000002,26.752000000000002,2.0419772459788152,77.578,104.049,103.317,0.0,100.0,31,XPS 9730 Performance Engineering,0.9894961124401914,
2026-08-17T17:48:44,charge,74.57063498928389,12.745,26.025,0.0,26.025,26.661125,26.661125,2.0419772459788152,77.59,104.049,103.317,0.0,100.0,31,XPS 9730 Performance Engineering,0.9924187370187869,
2026-08-17T17:48:46,charge,74.58120693134964,12.746,26.996,0.0,26.996,26.698333333333334,26.698333333333334,2.1179978032323863,77.601,104.049,103.317,0.0,100.0,31,XPS 9730 Performance Engineering,0.9906236344341097,
2026-08-17T17:48:47,charge,74.58120693134964,12.746,26.32,0.0,26.32,26.660500000000003,26.660500000000003,2.064961556566766,77.601,104.049,103.317,0.0,100.0,31,XPS 9730 Performance Engineering,0.9920294068003228,
2026-08-17T17:48:48,charge,74.59273995905774,12.746,26.32,0.0,26.32,26.629545454545454,26.629545454545454,2.064961556566766,77.613,104.049,103.317,0.0,100.0,31,XPS 9730 Performance Engineering,0.9927319279679102,
2026-08-17T17:48:49,charge,74.6033119011235,12.746,27.009,0.0,27.009,26.66116666666667,26.66116666666667,2.1190177310528795,77.624,104.049,103.317,0.0,100.0,31,XPS 9730 Performance Engineering,0.9911419230216235,
2026-08-17T17:48:50,charge,74.6033119011235,12.749,27.066,0.0,27.066,26.692307692307693,26.692307692307693,2.122990038434387,77.624,104.049,103.317,0.0,100.0,31,XPS 9730 Performance Engineering,0.9899855907780983,
2026-08-17T17:48:51,charge,74.6148449288316,12.749,27.066,0.0,27.066,26.718999999999998,26.718999999999998,2.122990038434387,77.636,104.049,103.317,0.0,100.0,31,XPS 9730 Performance Engineering,0.9885474755791763,
2026-08-17T17:48:52,charge,74.6263779565397,12.746,27.098,0.0,27.098,26.744266666666665,26.744266666666665,2.1260003138239445,77.648,104.049,103.317,0.0,100.0,31,XPS 9730 Performance Engineering,0.9871648502856691,
2026-08-17T17:48:53,charge,74.63694989860547,12.748,27.077,0.0,27.077,26.7650625,26.7650625,2.1240194540320054,77.659,104.049,103.317,0.0,100.0,31,XPS 9730 Performance Engineering,0.9859868625376833,
2026-08-17T17:48:54,charge,74.63694989860547,12.748,27.077,0.0,27.077,26.783411764705882,26.783411764705882,2.1240194540320054,77.659,104.049,103.317,0.0,100.0,31,XPS 9730 Performance Engineering,0.9853113648043785,
2026-08-17T17:48:55,charge,74.64848292631356,12.735,25.801,0.0,25.801,26.728833333333334,26.728833333333334,2.025991362387122,77.671,104.049,103.317,0.0,100.0,31,XPS 9730 Performance Engineering,0.9868743491734893,
2026-08-17T17:48:56,charge,74.66001595402166,12.749,27.079,0.0,27.079,26.747263157894736,26.747263157894736,2.1240097262530395,77.683,104.049,103.317,0.0,100.0,31,XPS 9730 Performance Engineering,0.9857457132849795,
2026-08-17T17:48:58,charge,74.66001595402166,12.749,27.079,0.0,27.079,26.76385,26.76385,2.1240097262530395,77.683,104.049,103.317,0.0,100.0,31,XPS 9730 Performance Engineering,0.985134799365562,
2026-08-17T17:48:59,charge,74.67058789608741,12.749,27.079,0.0,27.079,26.77885714285714,26.77885714285714,2.1240097262530395,77.694,104.049,103.317,0.0,100.0,31,XPS 9730 Performance Engineering,0.984171948018693,
2026-08-17T17:49:00,charge,74.68212092379551,12.748,27.077,0.0,27.077,26.79240909090909,26.79240909090909,2.1240194540320054,77.706,104.049,103.317,0.0,100.0,31,XPS 9730 Performance Engineering,0.9832262530262135,
2026-08-17T17:49:01,charge,74.68212092379551,12.748,27.077,0.0,27.077,26.804782608695653,26.804782608695653,2.1240194540320054,77.706,104.049,103.317,0.0,100.0,31,XPS 9730 Performance Engineering,0.9827723800100567,
2026-08-17T17:49:02,charge,74.69269286586126,12.748,27.064,0.0,27.064,26.815583333333333,26.815583333333333,2.1229996862252904,77.717,104.049,103.317,0.0,100.0,31,XPS 9730 Performance Engineering,0.9819663317660443,
2026-08-17T17:49:03,charge,74.69269286586126,12.75,27.056,0.0,27.056,26.8252,26.8252,2.1220392156862746,77.717,104.049,103.317,0.0,100.0,31,XPS 9730 Performance Engineering,0.9816143029688505,
2026-08-17T17:49:04,charge,74.69269286586126,12.75,27.056,0.0,27.056,26.834076923076925,26.834076923076925,2.1220392156862746,77.717,104.049,103.317,0.0,100.0,31,XPS 9730 Performance Engineering,0.9812895772596844,
2026-08-17T17:49:05,charge,74.71575892127747,12.75,27.081,0.0,27.081,26.843222222222224,26.843222222222224,2.124,77.741,104.049,103.317,0.0,100.0,31,XPS 9730 Performance Engineering,0.980061178282124,
2026-08-17T17:49:06,charge,74.72633086334322,12.751,27.07,0.0,27.07,26.851321428571428,26.851321428571428,2.1229707473923614,77.752,104.049,103.317,0.0,100.0,31,XPS 9730 Performance Engineering,0.9793558976214264,
2026-08-17T17:49:07,charge,74.72633086334322,12.752,27.072,0.0,27.072,26.858931034482758,26.858931034482758,2.122961104140527,77.752,104.049,103.317,0.0,100.0,31,XPS 9730 Performance Engineering,0.9790784289307227,
2026-08-17T17:49:09,charge,74.72633086334322,12.752,26.945,0.0,26.945,26.861800000000002,26.861800000000002,2.1130018820577163,77.752,104.049,103.317,0.0,100.0,31,XPS 9730 Performance Engineering,0.9789738587883168,
2026-08-17T17:49:10,charge,74.74843583311709,12.751,27.07,0.0,27.07,26.86851612903226,26.86851612903226,2.1229707473923614,77.775,104.049,103.317,0.0,100.0,31,XPS 9730 Performance Engineering,0.9778731312820858,
2026-08-17T17:49:11,charge,74.74843583311709,12.753,27.024,0.0,27.024,26.873375,26.873375,2.119030816278523,77.775,104.049,103.317,0.0,100.0,31,XPS 9730 Performance Engineering,0.9776963258243522,
2026-08-17T17:49:12,charge,74.75996886082518,12.753,27.024,0.0,27.024,26.877939393939393,26.877939393939393,2.119030816278523,77.787,104.049,103.317,0.0,100.0,31,XPS 9730 Performance Engineering,0.97708383128216,
2026-08-17T17:49:13,charge,74.75996886082518,12.753,26.769,0.0,26.769,26.874735294117645,26.874735294117645,2.0990355210538696,77.787,104.049,103.317,0.0,100.0,31,XPS 9730 Performance Engineering,0.9772003226297168,
2026-08-17T17:49:14,charge,74.75996886082518,12.752,27.06,0.0,27.06,26.88002857142857,26.88002857142857,2.1220200752823084,77.787,104.049,103.317,0.0,100.0,31,XPS 9730 Performance Engineering,0.9770078900851509,
2026-08-17T17:49:15,charge,74.75996886082518,12.752,27.06,0.0,27.06,26.88502777777778,26.88502777777778,2.1220200752823084,77.787,104.049,103.317,0.0,100.0,31,XPS 9730 Performance Engineering,0.9768262178143349,
2026-08-17T17:49:16,charge,74.78207383059903,12.752,27.06,0.0,27.06,26.889756756756757,26.889756756756757,2.1220200752823084,77.81,104.049,103.317,0.0,100.0,31,XPS 9730 Performance Engineering,0.9757990835453269,
2026-08-17T17:49:17,charge,74.78207383059903,12.755,26.709,0.0,26.709,26.885,26.885,2.094002352018816,77.81,104.049,103.317,0.0,100.0,31,XPS 9730 Performance Engineering,0.9759717314487634,
2026-08-17T17:49:18,charge,74.78207383059903,12.755,26.709,0.0,26.709,26.88048717948718,26.88048717948718,2.094002352018816,77.81,104.049,103.317,0.0,100.0,31,XPS 9730 Performance Engineering,0.9761355820970127,
2026-08-17T17:49:20,charge,74.79360685830714,12.755,26.76,0.0,26.76,26.877474999999997,26.877474999999997,2.098000784006272,77.822,104.049,103.317,0.0,100.0,31,XPS 9730 Performance Engineering,0.9757985078583463,
2026-08-17T17:49:21,charge,74.79360685830714,12.755,27.079,0.0,27.079,26.882390243902442,26.882390243902442,2.1230105840846725,77.822,104.049,103.317,0.0,100.0,31,XPS 9730 Performance Engineering,0.9756200904028206,
2026-08-17T17:49:22,charge,74.8041788003729,12.755,27.079,0.0,27.079,26.88707142857143,26.88707142857143,2.1230105840846725,77.833,104.049,103.317,0.0,100.0,31,XPS 9730 Performance Engineering,0.9750411111022559,
2026-08-17T17:49:23,charge,74.81571182808099,12.755,27.066,0.0,27.066,26.89123255813954,26.89123255813954,2.121991375931007,77.845,104.049,103.317,0.0,100.0,31,XPS 9730 Performance Engineering,0.974443991860406,
2026-08-17T17:49:24,charge,74.81571182808099,12.755,26.505,0.0,26.505,26.882454545454546,26.882454545454546,2.0780086240689926,77.845,104.049,103.317,0.0,100.0,31,XPS 9730 Performance Engineering,0.9747621801310083,
2026-08-17T17:49:25,charge,74.8272448557891,12.755,26.505,0.0,26.505,26.874066666666668,26.874066666666668,2.0780086240689926,77.857,104.049,103.317,0.0,100.0,31,XPS 9730 Performance Engineering,0.9746198937761562,
2026-08-17T17:49:26,charge,74.83781679785486,12.756,27.094,0.0,27.094,26.878847826086954,26.878847826086954,2.1240200689871434,77.868,104.049,103.317,0.0,100.0,31,XPS 9730 Performance Engineering,0.9740372864714218,
2026-08-17T17:49:27,charge,74.83781679785486,12.756,27.094,0.0,27.094,26.88342553191489,26.88342553191489,2.1240200689871434,77.868,104.049,103.317,0.0,100.0,31,XPS 9730 Performance Engineering,0.9738714275425582,
2026-08-17T17:49:28,charge,74.84934982556295,12.756,27.094,0.0,27.094,26.8878125,26.8878125,2.1240200689871434,77.88,104.049,103.317,0.0,100.0,31,XPS 9730 Performance Engineering,0.9732662335398244,
2026-08-17T17:49:29,charge,74.8599217676287,12.758,27.098,0.0,27.098,26.892102040816326,26.892102040816326,2.1240006270575327,77.891,104.049,103.317,0.0,100.0,31,XPS 9730 Performance Engineering,0.9727019464784821,
2026-08-17T17:49:30,charge,74.8599217676287,12.757,27.007,0.0,27.007,26.8944,26.8944,2.117033785372737,77.891,104.049,103.317,0.0,100.0,31,XPS 9730 Performance Engineering,0.9726188351478374,
2026-08-17T17:49:32,charge,74.87145479533682,12.757,27.007,0.0,27.007,26.896607843137257,26.896607843137257,2.117033785372737,77.903,104.049,103.317,0.0,100.0,31,XPS 9730 Performance Engineering,0.9720928435468573,
2026-08-17T17:49:33,charge,74.88298782304491,12.756,27.094,0.0,27.094,26.900403846153843,26.900403846153843,2.1240200689871434,77.915,104.049,103.317,0.0,100.0,31,XPS 9730 Performance Engineering,0.9715095784235439,
2026-08-17T17:49:34,charge,74.89355976511067,12.759,27.087,0.0,27.087,26.903924528301886,26.903924528301886,2.122972019750764,77.926,104.049,103.317,0.0,100.0,31,XPS 9730 Performance Engineering,0.9709735831484221,
2026-08-17T17:49:35,charge,74.89355976511067,12.759,27.087,0.0,27.087,26.907314814814818,26.907314814814818,2.122972019750764,77.926,104.049,103.317,0.0,100.0,31,XPS 9730 Performance Engineering,0.9708512417454982,
2026-08-17T17:49:36,charge,74.90509279281876,12.758,27.085,0.0,27.085,26.910545454545453,26.910545454545453,2.122981658567174,77.938,104.049,103.317,0.0,100.0,31,XPS 9730 Performance Engineering,0.9702887681746935,
2026-08-17T17:49:37,charge,74.91662582052686,12.759,27.1,0.0,27.1,26.913928571428574,26.913928571428574,2.1239909083783997,77.95,104.049,103.317,0.0,100.0,31,XPS 9730 Performance Engineering,0.9697209357873645,
2026-08-17T17:49:38,charge,74.92719776259263,12.76,27.089,0.0,27.089,26.917,26.917,2.122962382445141,77.961,104.049,103.317,0.0,100.0,31,XPS 9730 Performance Engineering,0.9692016197941824,
2026-08-17T17:49:39,charge,74.92719776259263,12.76,27.089,0.0,27.089,26.91996551724138,26.91996551724138,2.122962382445141,77.961,104.049,103.317,0.0,100.0,31,XPS 9730 Performance Engineering,0.9690948520454633,
2026-08-17T17:49:40,charge,74.93873079030072,12.76,27.0,0.0,27.0,26.921322033898303,26.921322033898303,2.115987460815047,77.973,104.049,103.317,0.0,100.0,31,XPS 9730 Performance Engineering,0.9686002777711326,
2026-08-17T17:49:41,charge,74.93873079030072,12.76,27.0,0.0,27.0,26.922633333333334,26.922633333333334,2.115987460815047,77.973,104.049,103.317,0.0,100.0,31,XPS 9730 Performance Engineering,0.9685531009225202,
2026-08-17T17:49:42,charge,74.94930273236648,12.76,27.089,0.0,27.089,26.925360655737705,26.925360655737705,2.122962382445141,77.984,104.049,103.317,0.0,100.0,31,XPS 9730 Performance Engineering,0.9680464575112626,
2026-08-17T17:49:44,charge,74.96083576007457,12.76,27.089,0.0,27.089,26.92570491803279,26.928,2.122962382445141,77.996,104.049,103.317,0.0,100.0,31,XPS 9730 Performance Engineering,0.9675059417706481,
2026-08-17T17:49:45,charge,74.96083576007457,12.76,27.089,0.0,27.089,26.92604918032787,26.930555555555557,2.122962382445141,77.996,104.049,103.317,0.0,100.0,31,XPS 9730 Performance Engineering,0.9674141309953588,
2026-08-17T17:49:46,charge,74.97236878778267,12.76,27.089,0.0,27.089,26.945426229508197,26.93303125,2.122962382445141,78.008,104.049,103.317,0.0,100.0,31,XPS 9730 Performance Engineering,0.9668796563699087,
2026-08-17T17:49:47,charge,74.97236878778267,12.761,27.092,0.0,27.092,26.945819672131147,26.935476923076923,2.1230311104145443,78.008,104.049,103.317,0.0,100.0,31,XPS 9730 Performance Engineering,0.966791866146221,
2026-08-17T17:49:48,charge,74.97236878778267,12.76,27.089,0.0,27.089,26.946163934426227,26.93780303030303,2.122962382445141,78.008,104.049,103.317,0.0,100.0,31,XPS 9730 Performance Engineering,0.9667083826660183,
2026-08-17T17:49:49,charge,74.98294072984844,12.76,27.089,0.0,27.089,26.946639344262294,26.940059701492537,2.122962382445141,78.019,104.049,103.317,0.0,100.0,31,XPS 9730 Performance Engineering,0.966219091138758,
2026-08-17T17:49:50,charge,74.99447375755653,12.76,26.936,0.0,26.936,26.961573770491803,26.94,2.110971786833856,78.031,104.049,103.317,0.0,100.0,31,XPS 9730 Performance Engineering,0.9657757980697846,
2026-08-17T17:49:51,charge,74.99447375755653,12.764,26.945,0.0,26.945,26.976655737704917,26.940072463768114,2.111015355687872,78.031,104.049,103.317,0.0,100.0,31,XPS 9730 Performance Engineering,0.9657732003130943,
2026-08-17T17:49:52,charge,74.99447375755653,12.764,27.111,0.0,27.111,26.978540983606557,26.94251428571429,2.1240206831714197,78.031,104.049,103.317,0.0,100.0,31,XPS 9730 Performance Engineering,0.965685671503773,
2026-08-17T17:49:53,charge,75.00504569962229,12.761,27.002,0.0,27.002,26.98972131147541,26.943352112676056,2.115978371600972,78.042,104.049,103.317,0.0,100.0,31,XPS 9730 Performance Engineering,0.9652473786943709,
2026-08-17T17:49:54,charge,75.00504569962229,12.763,27.007,0.0,27.007,27.000983606557377,26.94423611111111,2.1160385489305025,78.042,104.049,103.317,0.0,100.0,31,XPS 9730 Performance Engineering,0.9652157104307509,
2026-08-17T17:49:56,charge,75.02811175503848,12.763,26.496,0.0,26.496,26.992573770491802,26.93809589041096,2.076000940217817,78.066,104.049,103.317,0.0,100.0,31,XPS 9730 Performance Engineering,0.9645447883808693,
2026-08-17T17:49:57,charge,75.02811175503848,12.765,27.024,0.0,27.024,26.991885245901642,26.93925675675676,2.117038777908343,78.066,104.049,103.317,0.0,100.0,31,XPS 9730 Performance Engineering,0.9645032242206567,
2026-08-17T17:49:58,charge,75.02811175503848,12.763,27.007,0.0,27.007,26.990918032786883,26.94016,2.1160385489305025,78.066,104.049,103.317,0.0,100.0,31,XPS 9730 Performance Engineering,0.9644708865871623,
2026-08-17T17:49:59,charge,75.03868369710425,12.763,27.007,0.0,27.007,26.989426229508197,26.94103947368421,2.1160385489305025,78.077,104.049,103.317,0.0,100.0,31,XPS 9730 Performance Engineering,0.9640311030080798,
2026-08-17T17:50:00,charge,75.0607886668781,12.765,27.1,0.0,27.1,26.989803278688523,26.9431038961039,2.1229925577751665,78.1,104.049,103.317,0.0,100.0,31,XPS 9730 Performance Engineering,0.9631035867308652,
2026-08-17T17:50:01,charge,75.0607886668781,12.761,26.76,0.0,26.76,26.98460655737705,26.94075641025641,2.097014340568921,78.1,104.049,103.317,0.0,100.0,31,XPS 9730 Performance Engineering,0.9631875068704889,
2026-08-17T17:50:02,charge,75.0607886668781,12.761,26.76,0.0,26.76,27.00032786885246,26.93846835443038,2.097014340568921,78.1,104.049,103.317,0.0,100.0,31,XPS 9730 Performance Engineering,0.9632693165249079,
2026-08-17T17:50:03,charge,75.0723216945862,12.764,26.613,0.0,26.613,26.992688524590164,26.9344,2.085004700720777,78.112,104.049,103.317,0.0,100.0,31,XPS 9730 Performance Engineering,0.9629692883450165,
2026-08-17T17:50:04,charge,75.0723216945862,12.767,27.015,0.0,27.015,26.991639344262296,26.935395061728393,2.116002193154226,78.112,104.049,103.317,0.0,100.0,31,XPS 9730 Performance Engineering,0.9629337138200372,
2026-08-17T17:50:05,charge,75.08385472229429,12.767,27.015,0.0,27.015,26.990590163934424,26.93636585365854,2.116002193154226,78.124,104.049,103.317,0.0,100.0,31,XPS 9730 Performance Engineering,0.9624535151047051,
2026-08-17T17:50:06,charge,75.09442666436006,12.765,27.126,0.0,27.126,26.99139344262295,26.938650602409638,2.1250293772032904,78.135,104.049,103.317,0.0,100.0,31,XPS 9730 Performance Engineering,0.9619635512731294,
2026-08-17T17:50:07,charge,75.09442666436006,12.766,26.86,0.0,26.86,26.98783606557377,26.937714285714286,2.104026319912267,78.135,104.049,103.317,0.0,100.0,31,XPS 9730 Performance Engineering,0.961996987760124,
2026-08-17T17:50:09,charge,75.10595969206815,12.766,26.86,0.0,26.86,26.98449180327869,26.9368,2.104026319912267,78.147,104.049,103.317,0.0,100.0,31,XPS 9730 Performance Engineering,0.9615841525348222,
2026-08-17T17:50:10,charge,75.11749271977625,12.768,27.119,0.0,27.119,26.985524590163934,26.93891860465116,2.1239818295739346,78.159,104.049,103.317,0.0,100.0,31,XPS 9730 Performance Engineering,0.9610630768055383,
2026-08-17T17:50:11,charge,75.11749271977625,12.766,27.089,0.0,27.089,26.986065573770492,26.940643678160917,2.121964593451355,78.159,104.049,103.317,0.0,100.0,31,XPS 9730 Performance Engineering,0.9610015376502452,
2026-08-17T17:50:12,charge,75.128064661842,12.766,27.089,0.0,27.089,26.986196721311472,26.942329545454548,2.121964593451355,78.17,104.049,103.317,0.0,100.0,31,XPS 9730 Performance Engineering,0.9605331252570201,
2026-08-17T17:50:13,charge,75.13959768955011,12.767,27.117,0.0,27.117,26.986967213114752,26.94429213483146,2.123991540690844,78.182,104.049,103.317,0.0,100.0,31,XPS 9730 Performance Engineering,0.9600177978534156,
2026-08-17T17:50:14,charge,75.13959768955011,12.769,27.121,0.0,27.121,26.98777049180328,26.946255555555556,2.1239721199780717,78.182,104.049,103.317,0.0,100.0,31,XPS 9730 Performance Engineering,0.9599478468045242,
2026-08-17T17:50:15,charge,75.15016963161587,12.769,27.121,0.0,27.121,26.99065573770492,26.948175824175824,2.1239721199780717,78.193,104.049,103.317,0.0,100.0,31,XPS 9730 Performance Engineering,0.9594712521062001,
2026-08-17T17:50:16,charge,75.16170265932396,12.767,27.117,0.0,27.117,26.9914262295082,26.950010869565215,2.123991540690844,78.205,104.049,103.317,0.0,100.0,31,XPS 9730 Performance Engineering,0.9589606521897833,
2026-08-17T17:50:17,charge,75.16170265932396,12.768,27.119,0.0,27.119,26.992983606557374,26.95182795698925,2.1239818295739346,78.205,104.049,103.317,0.0,100.0,31,XPS 9730 Performance Engineering,0.958895999233998,
2026-08-17T17:50:18,charge,75.17323568703208,12.768,27.119,0.0,27.119,26.994540983606555,26.953606382978723,2.1239818295739346,78.217,104.049,103.317,0.0,100.0,31,XPS 9730 Performance Engineering,0.9583875208741264,
2026-08-17T17:50:20,charge,75.18380762909783,12.769,27.121,0.0,27.121,27.000311475409838,26.955368421052633,2.1239721199780717,78.228,104.049,103.317,0.0,100.0,31,XPS 9730 Performance Engineering,0.9579167903278718,
2026-08-17T17:50:21,charge,75.18380762909783,12.77,27.123,0.0,27.123,27.001344262295085,26.957114583333333,2.1239624119028977,78.228,104.049,103.317,0.0,100.0,31,XPS 9730 Performance Engineering,0.9578547407282327,
2026-08-17T17:50:22,charge,75.19534065680593,12.77,27.123,0.0,27.123,27.00237704918033,26.95882474226804,2.1239624119028977,78.24,104.049,103.317,0.0,100.0,31,XPS 9730 Performance Engineering,0.9573488550313083,
2026-08-17T17:50:23,charge,75.19534065680593,12.771,27.126,0.0,27.126,27.003459016393442,26.9605306122449,2.1240310077519378,78.24,104.049,103.317,0.0,100.0,31,XPS 9730 Performance Engineering,0.9572882808277562,
2026-08-17T17:50:24,charge,75.19534065680593,12.771,27.126,0.0,27.126,27.01029508196721,26.962202020202017,2.1240310077519378,78.24,104.049,103.317,0.0,100.0,31,XPS 9730 Performance Engineering,0.9572289377797131,
2026-08-17T17:50:25,charge,75.20591259887168,12.771,27.126,0.0,27.126,27.017131147540987,26.96384,2.1240310077519378,78.251,104.049,103.317,0.0,100.0,31,XPS 9730 Performance Engineering,0.9567628349671263,
2026-08-17T17:50:26,charge,75.21744562657979,12.77,27.111,0.0,27.111,27.022885245901637,26.96529702970297,2.123022709475333,78.263,104.049,103.317,0.0,100.0,31,XPS 9730 Performance Engineering,0.9562661212890056,
2026-08-17T17:50:27,charge,75.21744562657979,12.77,27.123,0.0,27.123,27.02360655737705,26.9668431372549,2.1239624119028977,78.263,104.049,103.317,0.0,100.0,31,XPS 9730 Performance Engineering,0.9562112950616917,
2026-08-17T17:50:28,charge,75.21744562657979,12.77,27.123,0.0,27.123,27.024327868852456,26.968359223300972,2.1239624119028977,78.263,104.049,103.317,0.0,100.0,31,XPS 9730 Performance Engineering,0.9561575395258234,
2026-08-17T17:50:29,charge,75.23955059635364,12.771,27.126,0.0,27.126,27.025311475409836,26.969875000000002,2.1240310077519378,78.286,104.049,103.317,0.0,100.0,31,XPS 9730 Performance Engineering,0.9552509976408865,
2026-08-17T17:50:30,charge,75.23955059635364,12.771,27.126,0.0,27.126,27.03549180327869,26.971361904761903,2.1240310077519378,78.286,104.049,103.317,0.0,100.0,31,XPS 9730 Performance Engineering,0.9551983355891066,
2026-08-17T17:50:32,charge,75.23955059635364,12.771,27.126,0.0,27.126,27.04567213114754,26.97282075471698,2.1240310077519378,78.286,104.049,103.317,0.0,100.0,31,XPS 9730 Performance Engineering,0.9551466728037555,
2026-08-17T17:50:33,charge,75.25108362406174,12.771,27.126,0.0,27.126,27.046196721311475,26.974252336448597,2.1240310077519378,78.298,104.049,103.317,0.0,100.0,31,XPS 9730 Performance Engineering,0.9546511124315505,
2026-08-17T17:50:34,charge,75.2731885938356,12.772,27.128,0.0,27.128,27.04675409836066,26.975675925925927,2.1240212965862826,78.321,104.049,103.317,0.0,100.0,31,XPS 9730 Performance Engineering,0.9537481125829068,
2026-08-17T17:50:35,charge,75.2731885938356,12.772,27.128,0.0,27.128,27.047311475409835,26.977073394495413,2.1240212965862826,78.321,104.049,103.317,0.0,100.0,31,XPS 9730 Performance Engineering,0.9536987064449225,
2026-08-17T17:50:36,charge,75.2731885938356,12.773,27.117,0.0,27.117,27.047622950819672,26.978345454545455,2.1229938150786816,78.321,104.049,103.317,0.0,100.0,31,XPS 9730 Performance Engineering,0.9536537384528605,
2026-08-17T17:50:37,charge,75.2847216215437,12.772,27.128,0.0,27.128,27.04960655737705,26.979693693693694,2.1240212965862826,78.333,104.049,103.317,0.0,100.0,31,XPS 9730 Performance Engineering,0.9531613031622719,
2026-08-17T17:50:38,charge,75.30682659131755,12.773,27.117,0.0,27.117,27.051409836065574,26.980919642857142,2.1229938150786816,78.356,104.049,103.317,0.0,100.0,31,XPS 9730 Performance Engineering,0.9522655395032804,
2026-08-17T17:50:39,charge,75.30682659131755,12.773,27.117,0.0,27.117,27.051786885245903,26.98212389380531,2.1229938150786816,78.356,104.049,103.317,0.0,100.0,31,XPS 9730 Performance Engineering,0.9522230385243594,
2026-08-17T17:50:40,charge,75.30682659131755,12.775,27.134,0.0,27.134,27.05255737704918,26.983456140350878,2.1239921722113504,78.356,104.049,103.317,0.0,100.0,31,XPS 9730 Performance Engineering,0.9521760246856915,
2026-08-17T17:50:41,charge,75.30682659131755,12.775,27.134,0.0,27.134,27.053327868852456,26.984765217391306,2.1239921722113504,78.356,104.049,103.317,0.0,100.0,31,XPS 9730 Performance Engineering,0.9521298330007789,
2026-08-17T17:50:42,charge,75.31835961902564,12.775,27.121,0.0,27.121,27.053918032786886,26.985939655172416,2.122974559686888,78.368,104.049,103.317,0.0,100.0,31,XPS 9730 Performance Engineering,0.9516437199576155,
2026-08-17T17:50:44,charge,75.32893156109141,12.775,27.083,0.0,27.083,27.053639344262294,26.986769230769234,2.1199999999999997,78.379,104.049,103.317,0.0,100.0,31,XPS 9730 Performance Engineering,0.95120685920166,
2026-08-17T17:50:45,charge,75.32893156109141,12.774,27.081,0.0,27.081,27.05350819672131,26.98756779661017,2.1200093940817286,78.379,104.049,103.317,0.0,100.0,31,XPS 9730 Performance Engineering,0.951178712859939,
2026-08-17T17:50:46,charge,75.3404645887995,12.774,27.132,0.0,27.132,27.0542131147541,26.98878151260504,2.124001878816346,78.391,104.049,103.317,0.0,100.0,31,XPS 9730 Performance Engineering,0.9506913080909747,
2026-08-17T17:50:47,charge,75.35103653086526,12.775,27.121,0.0,27.121,27.056196721311476,26.989883333333335,2.122974559686888,78.402,104.049,103.317,0.0,100.0,31,XPS 9730 Performance Engineering,0.9502449374549601,
2026-08-17T17:50:48,charge,75.35103653086526,12.778,27.128,0.0,27.128,27.058295081967213,26.99102479338843,2.12302394740961,78.402,104.049,103.317,0.0,100.0,31,XPS 9730 Performance Engineering,0.9502047512579941,
2026-08-17T17:50:49,charge,75.36256955857336,12.778,27.128,0.0,27.128,27.05893442622951,26.992147540983606,2.12302394740961,78.414,104.049,103.317,0.0,100.0,31,XPS 9730 Performance Engineering,0.9497206534262244,
2026-08-17T17:50:50,charge,75.37410258628145,12.775,27.096,0.0,27.096,27.05904918032787,26.992991869918697,2.121017612524462,78.426,104.049,103.317,0.0,100.0,31,XPS 9730 Performance Engineering,0.9492463867465752,
2026-08-17T17:50:51,charge,75.37410258628145,12.775,27.121,0.0,27.121,27.059573770491802,26.994024193548388,2.122974559686888,78.426,104.049,103.317,0.0,100.0,31,XPS 9730 Performance Engineering,0.9492100850277796,
2026-08-17T17:50:52,charge,75.38467452834722,12.775,27.121,0.0,27.121,27.060098360655736,26.99504,2.122974559686888,78.437,104.049,103.317,0.0,100.0,31,XPS 9730 Performance Engineering,0.9487668845832423,
2026-08-17T17:50:53,charge,75.39620755605532,12.779,27.143,0.0,27.143,27.060934426229508,26.996214285714288,2.1240316143673215,78.449,104.049,103.317,0.0,100.0,31,XPS 9730 Performance Engineering,0.9482811081977105,
2026-08-17T17:50:54,charge,75.39620755605532,12.777,26.998,0.0,26.998,27.05944262295082,26.996228346456693,2.1130155748610786,78.449,104.049,103.317,0.0,100.0,31,XPS 9730 Performance Engineering,0.9482806142940355,
2026-08-17T17:50:56,charge,75.40677949812107,12.777,26.998,0.0,26.998,27.057950819672133,26.996242187500002,2.1130155748610786,78.46,104.049,103.317,0.0,100.0,31,XPS 9730 Performance Engineering,0.9478726639905616,
2026-08-17T17:50:57,charge,75.41831252582917,12.778,27.14,0.0,27.14,27.061295081967213,26.997356589147287,2.1239630615119736,78.472,104.049,103.317,0.0,100.0,31,XPS 9730 Performance Engineering,0.9473890495739036,
2026-08-17T17:50:58,charge,75.41831252582917,12.78,27.132,0.0,27.132,27.064360655737705,26.99839230769231,2.123004694835681,78.472,104.049,103.317,0.0,100.0,31,XPS 9730 Performance Engineering,0.9473527056169445,
2026-08-17T17:50:59,charge,75.42984555353726,12.778,27.14,0.0,27.14,27.06483606557377,26.99947328244275,2.1239630615119736,78.484,104.049,103.317,0.0,100.0,31,XPS 9730 Performance Engineering,0.9468703234527338,
2026-08-17T17:51:00,charge,75.42984555353726,12.778,27.14,0.0,27.14,27.067098360655738,27.000537878787878,2.1239630615119736,78.484,104.049,103.317,0.0,100.0,31,XPS 9730 Performance Engineering,0.9468329895784909,
2026-08-17T17:51:01,charge,75.42984555353726,12.778,27.14,0.0,27.14,27.06927868852459,27.001586466165417,2.1239630615119736,78.484,104.049,103.317,0.0,100.0,31,XPS 9730 Performance Engineering,0.9467962199937573,
2026-08-17T17:51:02,charge,75.44041749560303,12.778,27.14,0.0,27.14,27.079836065573772,27.002619402985076,2.1239630615119736,78.495,104.049,103.317,0.0,100.0,31,XPS 9730 Performance Engineering,0.9463526341142692,
2026-08-17T17:51:03,charge,75.45195052331113,12.778,26.91,0.0,26.91,27.077967213114757,27.001933333333334,2.105963374550008,78.507,104.049,103.317,0.0,100.0,31,XPS 9730 Performance Engineering,0.9459322665784425,
2026-08-17T17:51:04,charge,75.45195052331113,12.779,27.143,0.0,27.143,27.080196721311477,27.002970588235293,2.1240316143673215,78.507,104.049,103.317,0.0,100.0,31,XPS 9730 Performance Engineering,0.9458959308398532,
2026-08-17T17:51:05,charge,75.46252246537689,12.779,27.143,0.0,27.143,27.082426229508197,27.003992700729928,2.1240316143673215,78.518,104.049,103.317,0.0,100.0,31,XPS 9730 Performance Engineering,0.9454527811107686,
2026-08-17T17:51:07,charge,75.46252246537689,12.781,27.134,0.0,27.134,27.08298360655738,27.004934782608697,2.122995070808231,78.518,104.049,103.317,0.0,100.0,31,XPS 9730 Performance Engineering,0.9454197984748361,
2026-08-17T17:51:08,charge,75.46252246537689,12.78,27.132,0.0,27.132,27.089081967213115,27.00584892086331,2.123004694835681,78.518,104.049,103.317,0.0,100.0,31,XPS 9730 Performance Engineering,0.9453877963553328,
2026-08-17T17:51:09,charge,75.48558852079309,12.78,27.132,0.0,27.132,27.095180327868853,27.00675,2.123004694835681,78.542,104.049,103.317,0.0,100.0,31,XPS 9730 Performance Engineering,0.9444675868070022,
2026-08-17T17:51:10,charge,75.49616046285884,12.781,27.109,0.0,27.109,27.10331147540984,27.007475177304965,2.1210390423284564,78.553,104.049,103.317,0.0,100.0,31,XPS 9730 Performance Engineering,0.9440349322777464,
2026-08-17T17:51:11,charge,75.49616046285884,12.783,27.151,0.0,27.151,27.10554098360656,27.008485915492958,2.1239928029414066,78.553,104.049,103.317,0.0,100.0,31,XPS 9730 Performance Engineering,0.9439996036717727,
2026-08-17T17:51:12,charge,75.49616046285884,12.783,27.151,0.0,27.151,27.10777049180328,27.009482517482517,2.1239928029414066,78.553,104.049,103.317,0.0,100.0,31,XPS 9730 Performance Engineering,0.9439647717610705,
2026-08-17T17:51:13,charge,75.51826543263269,12.781,27.147,0.0,27.147,27.10811475409836,27.010437500000002,2.1240122056177135,78.576,104.049,103.317,0.0,100.0,31,XPS 9730 Performance Engineering,0.9430798742152922,
2026-08-17T17:51:14,charge,75.51826543263269,12.782,26.817,0.0,26.817,27.10740983606557,27.009103448275862,2.0980284775465496,78.576,104.049,103.317,0.0,100.0,31,XPS 9730 Performance Engineering,0.943126455447972,
2026-08-17T17:51:15,charge,75.52979846034079,12.782,26.817,0.0,26.817,27.106704918032786,27.00778767123288,2.0980284775465496,78.588,104.049,103.317,0.0,100.0,31,XPS 9730 Performance Engineering,0.9427280867999264,
2026-08-17T17:51:16,charge,75.52979846034079,12.783,27.151,0.0,27.151,27.10722950819672,27.008761904761904,2.1239928029414066,78.588,104.049,103.317,0.0,100.0,31,XPS 9730 Performance Engineering,0.9426940816384106,
2026-08-17T17:51:17,charge,75.5413314880489,12.782,27.123,0.0,27.123,27.107786885245904,27.009533783783784,2.1219683930527307,78.6,104.049,103.317,0.0,100.0,31,XPS 9730 Performance Engineering,0.942222853742085,
2026-08-17T17:51:19,charge,75.5413314880489,12.784,27.128,0.0,27.128,27.108426229508197,27.010328859060404,2.1220275344180224,78.6,104.049,103.317,0.0,100.0,31,XPS 9730 Performance Engineering,0.9421951184968022,
2026-08-17T17:51:20,charge,75.55190343011465,12.784,27.102,0.0,27.102,27.10818032786885,27.01094,2.119993742177722,78.611,104.049,103.317,0.0,100.0,31,XPS 9730 Performance Engineering,0.9417665582908259,
2026-08-17T17:51:21,charge,75.56343645782275,12.783,27.023,0.0,27.023,27.106573770491803,27.01101986754967,2.113979504028788,78.623,104.049,103.317,0.0,100.0,31,XPS 9730 Performance Engineering,0.9413195105063815,
2026-08-17T17:51:22,charge,75.56343645782275,12.784,27.025,0.0,27.025,27.105,27.011111842105265,2.113970588235294,78.623,104.049,103.317,0.0,100.0,31,XPS 9730 Performance Engineering,0.9413163052535153,
2026-08-17T17:51:23,charge,75.57496948553086,12.784,27.153,0.0,27.153,27.105590163934426,27.012039215686272,2.1239831038798496,78.635,104.049,103.317,0.0,100.0,31,XPS 9730 Performance Engineering,0.9408397417563993,
2026-08-17T17:51:24,charge,75.58554142759661,12.786,27.157,0.0,27.157,27.106213114754098,27.012980519480518,2.1239637103081495,78.646,104.049,103.317,0.0,100.0,31,XPS 9730 Performance Engineering,0.9403997452884005,
2026-08-17T17:51:25,charge,75.58554142759661,12.786,27.157,0.0,27.157,27.10683606557377,27.013909677419356,2.1239637103081495,78.646,104.049,103.317,0.0,100.0,31,XPS 9730 Performance Engineering,0.940367399733853,
2026-08-17T17:51:26,charge,75.5970744553047,12.786,27.17,0.0,27.17,27.107639344262296,27.014910256410257,2.124980447364305,78.658,104.049,103.317,0.0,100.0,31,XPS 9730 Performance Engineering,0.939888371236587,
2026-08-17T17:51:27,charge,75.60764639737046,12.779,26.989,0.0,26.989,27.10544262295082,27.014745222929935,2.1119805931606543,78.669,104.049,103.317,0.0,100.0,31,XPS 9730 Performance Engineering,0.9394869279928517,
2026-08-17T17:51:28,charge,75.60764639737046,12.785,27.002,0.0,27.002,27.10345901639344,27.014664556962025,2.112006257332812,78.669,104.049,103.317,0.0,100.0,31,XPS 9730 Performance Engineering,0.9394897333070626,
2026-08-17T17:51:30,charge,75.61917942507857,12.785,26.938,0.0,26.938,27.100377049180327,27.01418238993711,2.1070003910833006,78.681,104.049,103.317,0.0,100.0,31,XPS 9730 Performance Engineering,0.9390622908302304,
2026-08-17T17:51:31,charge,75.63071245278667,12.785,27.155,0.0,27.155,27.100852459016394,27.0150625,2.1239734063355495,78.693,104.049,103.317,0.0,100.0,31,XPS 9730 Performance Engineering,0.9385875009543291,
2026-08-17T17:51:32,charge,75.63071245278667,12.789,27.164,0.0,27.164,27.101475409836066,27.01598757763975,2.124012823520213,78.693,104.049,103.317,0.0,100.0,31,XPS 9730 Performance Engineering,0.9385553619733799,
2026-08-17T17:51:33,charge,75.64128439485242,12.789,27.164,0.0,27.164,27.10234426229508,27.016901234567904,2.124012823520213,78.704,104.049,103.317,0.0,100.0,31,XPS 9730 Performance Engineering,0.9381164693888466,
2026-08-17T17:51:34,charge,75.65281742256052,12.786,27.106,0.0,27.106,27.102065573770492,27.017447852760736,2.11997497262631,78.716,104.049,103.317,0.0,100.0,31,XPS 9730 Performance Engineering,0.9376533319527218,
2026-08-17T17:51:35,charge,75.65281742256052,12.786,26.774,0.0,26.774,27.09634426229508,27.01596341463415,2.094009072422963,78.716,104.049,103.317,0.0,100.0,31,XPS 9730 Performance Engineering,0.9377048529121674,
2026-08-17T17:51:36,charge,75.65281742256052,12.786,26.774,0.0,26.774,27.090573770491805,27.014496969696967,2.094009072422963,78.716,104.049,103.317,0.0,100.0,31,XPS 9730 Performance Engineering,0.9377557549347247,
2026-08-17T17:51:37,charge,75.66338936462628,12.789,27.164,0.0,27.164,27.091196721311476,27.01539759036144,2.124012823520213,78.727,104.049,103.317,0.0,100.0,31,XPS 9730 Performance Engineering,0.9373173174780293,
2026-08-17T17:51:38,charge,75.66338936462628,12.787,27.147,0.0,27.147,27.09154098360656,27.016185628742516,2.1230155626808473,78.727,104.049,103.317,0.0,100.0,31,XPS 9730 Performance Engineering,0.9372899767560054,
2026-08-17T17:51:39,charge,75.67492239233438,12.787,27.147,0.0,27.147,27.09188524590164,27.016964285714288,2.1230155626808473,78.739,104.049,103.317,0.0,100.0,31,XPS 9730 Performance Engineering,0.9368187977130771,
2026-08-17T17:51:40,charge,75.68645542004248,12.788,27.162,0.0,27.162,27.09244262295082,27.0178224852071,2.124022521113544,78.751,104.049,103.317,0.0,100.0,31,XPS 9730 Performance Engineering,0.9363448891505324,
2026-08-17T17:51:42,charge,75.68645542004248,12.791,27.168,0.0,27.168,27.093098360655738,27.018705882352943,2.123993432882495,78.751,104.049,103.317,0.0,100.0,31,XPS 9730 Performance Engineering,0.9363142746419691,
2026-08-17T17:51:43,charge,75.69702736210824,12.791,27.168,0.0,27.168,27.09393442622951,27.01957894736842,2.123993432882495,78.762,104.049,103.317,0.0,100.0,31,XPS 9730 Performance Engineering,0.9358769079731659,
2026-08-17T17:51:44,charge,75.70856038981634,12.79,26.846,0.0,26.846,27.089311475409836,27.018569767441864,2.098983580922596,78.774,104.049,103.317,0.0,100.0,31,XPS 9730 Performance Engineering,0.9354677252552832,
2026-08-17T17:51:45,charge,75.70856038981634,12.79,27.166,0.0,27.166,27.090114754098362,27.019421965317918,2.124003127443315,78.774,104.049,103.317,0.0,100.0,31,XPS 9730 Performance Engineering,0.9354382204194801,
2026-08-17T17:51:46,charge,75.70856038981634,12.79,27.166,0.0,27.166,27.090918032786885,27.02026436781609,2.124003127443315,78.774,104.049,103.317,0.0,100.0,31,XPS 9730 Performance Engineering,0.935409056548874,
2026-08-17T17:51:47,charge,75.73066535959019,12.79,27.166,0.0,27.166,27.09144262295082,27.021097142857144,2.124003127443315,78.797,104.049,103.317,0.0,100.0,31,XPS 9730 Performance Engineering,0.9345290410117643,
2026-08-17T17:51:48,charge,75.73066535959019,12.791,27.155,0.0,27.155,27.091786885245902,27.021857954545453,2.1229770932687044,78.797,104.049,103.317,0.0,100.0,31,XPS 9730 Performance Engineering,0.9345027289565879,
2026-08-17T17:51:49,charge,75.74219838729829,12.791,27.155,0.0,27.155,27.092344262295082,27.02261016949153,2.1229770932687044,78.809,104.049,103.317,0.0,100.0,31,XPS 9730 Performance Engineering,0.9340326430973688,
2026-08-17T17:51:50,charge,75.74219838729829,12.793,27.172,0.0,27.172,27.093803278688526,27.023449438202245,2.1239740483076686,78.809,104.049,103.317,0.0,100.0,31,XPS 9730 Performance Engineering,0.9340036347957479,
2026-08-17T17:51:51,charge,75.74219838729829,12.791,27.168,0.0,27.168,27.09522950819672,27.02425698324022,2.123993432882495,78.809,104.049,103.317,0.0,100.0,31,XPS 9730 Performance Engineering,0.9339757246851684,
2026-08-17T17:51:52,charge,75.75277032936404,12.791,27.168,0.0,27.168,27.09581967213115,27.025055555555557,2.123993432882495,78.82,104.049,103.317,0.0,100.0,31,XPS 9730 Performance Engineering,0.9335410966366606,
2026-08-17T17:51:54,charge,75.77583638478023,12.793,27.172,0.0,27.172,27.096655737704918,27.025867403314916,2.1239740483076686,78.844,104.049,103.317,0.0,100.0,31,XPS 9730 Performance Engineering,0.9326250152810429,
2026-08-17T17:51:55,charge,75.77583638478023,12.739,24.344,0.0,24.344,27.051016393442623,27.011131868131866,1.9109820237067274,78.844,104.049,103.317,0.0,100.0,31,XPS 9730 Performance Engineering,0.9331337954681287,
2026-08-17T17:51:56,charge,75.77583638478023,12.739,24.344,0.0,24.344,27.00537704918033,26.99655737704918,1.9109820237067274,78.844,104.049,103.317,0.0,100.0,31,XPS 9730 Performance Engineering,0.933637561559155,
2026-08-17T17:51:57,charge,75.786408326846,12.792,27.157,0.0,27.157,27.00637704918033,26.99742934782609,2.122967479674797,78.855,104.049,103.317,0.0,100.0,31,XPS 9730 Performance Engineering,0.9331999604632245,
2026-08-17T17:51:58,charge,75.786408326846,12.792,26.467,0.0,26.467,26.99565573770492,26.99456216216216,2.069027517198249,78.855,104.049,103.317,0.0,100.0,31,XPS 9730 Performance Engineering,0.9332990788535189,
2026-08-17T17:51:59,charge,75.80851329661986,12.792,26.467,0.0,26.467,26.98493442622951,26.991725806451615,2.069027517198249,78.878,104.049,103.317,0.0,100.0,31,XPS 9730 Performance Engineering,0.9325450391906243,
2026-08-17T17:52:00,charge,75.80851329661986,12.794,27.174,0.0,27.174,26.98544262295082,26.992700534759358,2.1239643582929495,78.878,104.049,103.317,0.0,100.0,31,XPS 9730 Performance Engineering,0.9325113642329529,
2026-08-17T17:52:01,charge,75.80851329661986,12.793,27.172,0.0,27.172,26.988295081967212,26.993654255319147,2.1239740483076686,78.878,104.049,103.317,0.0,100.0,31,XPS 9730 Performance Engineering,0.9324784174058248,
2026-08-17T17:52:02,charge,75.82004632432796,12.793,27.172,0.0,27.172,26.991147540983608,26.994597883597883,2.1239740483076686,78.89,104.049,103.317,0.0,100.0,31,XPS 9730 Performance Engineering,0.9320012881276072,
2026-08-17T17:52:03,charge,75.83157935203606,12.793,26.955,0.0,26.955,26.988114754098362,26.994389473684212,2.10701164699445,78.902,104.049,103.317,0.0,100.0,31,XPS 9730 Performance Engineering,0.9315639468162392,
2026-08-17T17:52:04,charge,75.83157935203606,12.795,27.177,0.0,27.177,26.988852459016393,26.995345549738218,2.1240328253223915,78.902,104.049,103.317,0.0,100.0,31,XPS 9730 Performance Engineering,0.9315309542405121,
2026-08-17T17:52:06,charge,75.84215129410181,12.795,27.177,0.0,27.177,26.989459016393443,26.996291666666668,2.1240328253223915,78.913,104.049,103.317,0.0,100.0,31,XPS 9730 Performance Engineering,0.9310908442671914,
2026-08-17T17:52:07,charge,75.85368432180991,12.794,27.008,0.0,27.008,26.98729508196721,26.996352331606218,2.110989526340472,78.925,104.049,103.317,0.0,100.0,31,XPS 9730 Performance Engineering,0.9306442474669389,
2026-08-17T17:52:08,charge,75.85368432180991,12.796,27.166,0.0,27.166,26.987721311475408,26.997226804123713,2.123007189746796,78.925,104.049,103.317,0.0,100.0,31,XPS 9730 Performance Engineering,0.9306141027848988,
2026-08-17T17:52:09,charge,75.86425626387567,12.796,27.166,0.0,27.166,26.988147540983608,26.998092307692307,2.123007189746796,78.936,104.049,103.317,0.0,100.0,31,XPS 9730 Performance Engineering,0.9301768330070045,
2026-08-17T17:52:10,charge,75.87578929158376,12.795,27.164,0.0,27.164,26.992311475409835,26.998938775510204,2.1230168034388432,78.948,104.049,103.317,0.0,100.0,31,XPS 9730 Performance Engineering,0.9297032082893664,
2026-08-17T17:52:11,charge,75.87578929158376,12.796,27.102,0.0,27.102,26.991639344262296,26.99946192893401,2.1180056267583622,78.948,104.049,103.317,0.0,100.0,31,XPS 9730 Performance Engineering,0.9296851939519762,
2026-08-17T17:52:12,charge,75.87578929158376,12.796,27.102,0.0,27.102,26.990967213114754,26.999979797979798,2.1180056267583622,78.948,104.049,103.317,0.0,100.0,31,XPS 9730 Performance Engineering,0.9296673622651425,
2026-08-17T17:52:13,charge,75.88732231929185,12.798,27.17,0.0,27.17,26.99155737704918,27.000834170854272,2.1229879668698235,78.96,104.049,103.317,0.0,100.0,31,XPS 9730 Performance Engineering,0.9291935145871172,
2026-08-17T17:52:14,charge,75.88732231929185,12.797,26.938,0.0,26.938,26.988377049180325,27.00052,2.105024615144174,78.96,104.049,103.317,0.0,100.0,31,XPS 9730 Performance Engineering,0.929204326435195,
2026-08-17T17:52:15,charge,75.89789426135762,12.797,26.938,0.0,26.938,26.985196721311475,27.000208955223883,2.105024615144174,78.971,104.049,103.317,0.0,100.0,31,XPS 9730 Performance Engineering,0.9288076266960897,
2026-08-17T17:52:16,charge,75.90942728906572,12.797,27.168,0.0,27.168,26.98616393442623,27.001039603960397,2.1229975775572396,78.983,104.049,103.317,0.0,100.0,31,XPS 9730 Performance Engineering,0.928334625912827,
2026-08-17T17:52:18,charge,75.91999923113148,12.797,27.168,0.0,27.168,26.98644262295082,27.001862068965515,2.1229975775572396,78.994,104.049,103.317,0.0,100.0,31,XPS 9730 Performance Engineering,0.9278989699305543,
2026-08-17T17:52:19,charge,75.91999923113148,12.798,27.17,0.0,27.17,26.986754098360656,27.002686274509802,2.1229879668698235,78.994,104.049,103.317,0.0,100.0,31,XPS 9730 Performance Engineering,0.92787064758263,
2026-08-17T17:52:20,charge,75.93153225883958,12.798,27.17,0.0,27.17,26.987131147540982,27.00350243902439,2.1229879668698235,79.006,104.049,103.317,0.0,100.0,31,XPS 9730 Performance Engineering,0.9273982164553904,
2026-08-17T17:52:21,charge,75.93153225883958,12.799,27.185,0.0,27.185,26.99316393442623,27.004383495145632,2.1239940620360964,79.006,104.049,103.317,0.0,100.0,31,XPS 9730 Performance Engineering,0.9273679587797956,
2026-08-17T17:52:22,charge,75.93153225883958,12.797,27.181,0.0,27.181,26.999131147540986,27.005236714975844,2.1240134406501525,79.006,104.049,103.317,0.0,100.0,31,XPS 9730 Performance Engineering,0.9273386589539624,
2026-08-17T17:52:23,charge,75.95363722861343,12.797,26.349,0.0,26.349,26.985983606557376,27.00208173076923,2.0589982027037586,79.029,104.049,103.317,0.0,100.0,31,XPS 9730 Performance Engineering,0.9265952251188614,
2026-08-17T17:52:24,charge,75.96517025632153,12.799,27.185,0.0,27.185,26.987000000000002,27.002956937799045,2.1239940620360964,79.041,104.049,103.317,0.0,100.0,31,XPS 9730 Performance Engineering,0.926120796978109,
2026-08-17T17:52:25,charge,75.96517025632153,12.801,27.189,0.0,27.189,26.988,27.003842857142857,2.1239746894773845,79.041,104.049,103.317,0.0,100.0,31,XPS 9730 Performance Engineering,0.926090413586638,
2026-08-17T17:52:26,charge,75.96517025632153,12.801,26.985,0.0,26.985,26.986081967213117,27.00375355450237,2.108038434497305,79.041,104.049,103.317,0.0,100.0,31,XPS 9730 Performance Engineering,0.9260934762097321,
2026-08-17T17:52:27,charge,75.98727522609539,12.8,27.123,0.0,27.123,26.987721311475408,27.004316037735848,2.118984375,79.064,104.049,103.317,0.0,100.0,31,XPS 9730 Performance Engineering,0.925222470551965,
2026-08-17T17:52:28,charge,75.98727522609539,12.8,27.123,0.0,27.123,26.98932786885246,27.004873239436623,2.118984375,79.064,104.049,103.317,0.0,100.0,31,XPS 9730 Performance Engineering,0.9252033800889358,
2026-08-17T17:52:29,charge,75.98727522609539,12.8,27.187,0.0,27.187,26.98988524590164,27.005724299065424,2.123984375,79.064,104.049,103.317,0.0,100.0,31,XPS 9730 Performance Engineering,0.9251742231873655,
2026-08-17T17:52:31,charge,75.99880825380349,12.8,27.187,0.0,27.187,26.990377049180328,27.006567441860465,2.123984375,79.076,104.049,103.317,0.0,100.0,31,XPS 9730 Performance Engineering,0.9247010029601762,
2026-08-17T17:52:32,charge,75.99880825380349,12.8,27.187,0.0,27.187,26.990868852459016,27.007402777777777,2.123984375,79.076,104.049,103.317,0.0,100.0,31,XPS 9730 Performance Engineering,0.9246724020626037,
2026-08-17T17:52:33,charge,76.02091322357735,12.8,27.021,0.0,27.021,26.9884262295082,27.007465437788017,2.111015625,79.099,104.049,103.317,0.0,100.0,31,XPS 9730 Performance Engineering,0.9238186403486321,
2026-08-17T17:52:35,charge,76.02091322357735,12.804,27.183,0.0,27.183,27.183,27.183,2.1230084348641047,79.099,104.049,103.317,0.0,100.0,31,XPS 9730 Performance Engineering,0.9178530699334144,
2026-08-17T17:52:36,charge,76.03244625128545,12.8,27.085,0.0,27.085,27.134,27.134,2.1160156249999997,79.111,104.049,103.317,0.0,100.0,31,XPS 9730 Performance Engineering,0.9190683275595195,
2026-08-17T17:52:37,charge,76.03244625128545,12.804,27.157,0.0,27.157,27.141666666666666,27.141666666666666,2.1209778194314275,79.111,104.049,103.317,0.0,100.0,31,XPS 9730 Performance Engineering,0.9188087196806879,
2026-08-17T17:52:38,charge,76.0430181933512,12.804,27.157,0.0,27.157,27.1455,27.1455,2.1209778194314275,79.122,104.049,103.317,0.0,100.0,31,XPS 9730 Performance Engineering,0.9182737470298947,
2026-08-17T17:52:39,charge,76.05455122105931,12.804,27.183,0.0,27.183,27.153,27.153,2.1230084348641047,79.134,104.049,103.317,0.0,100.0,31,XPS 9730 Performance Engineering,0.9175781681582148,
2026-08-17T17:52:40,charge,76.05455122105931,12.803,27.194,0.0,27.194,27.159833333333335,27.159833333333335,2.124033429664922,79.134,104.049,103.317,0.0,100.0,31,XPS 9730 Performance Engineering,0.9173473082186319,
2026-08-17T17:52:41,charge,76.06512316312507,12.803,27.194,0.0,27.194,27.164714285714286,27.164714285714286,2.124033429664922,79.145,104.049,103.317,0.0,100.0,31,XPS 9730 Performance Engineering,0.9167775422948893,
2026-08-17T17:52:42,charge,76.07665619083316,12.804,27.183,0.0,27.183,27.167,27.167,2.1230084348641047,79.157,104.049,103.317,0.0,100.0,31,XPS 9730 Performance Engineering,0.9162586962123167,
2026-08-17T17:52:43,charge,76.07665619083316,12.806,27.174,0.0,27.174,27.167777777777776,27.167777777777776,2.1219740746525066,79.157,104.049,103.317,0.0,100.0,31,XPS 9730 Performance Engineering,0.9162324649298602,
2026-08-17T17:52:44,charge,76.08818921854126,12.806,27.174,0.0,27.174,27.1684,27.1684,2.1219740746525066,79.169,104.049,103.317,0.0,100.0,31,XPS 9730 Performance Engineering,0.9157697913752746,
2026-08-17T17:52:46,charge,76.09876116060703,12.804,27.196,0.0,27.196,27.170909090909092,27.170909090909092,2.1240237425804436,79.18,104.049,103.317,0.0,100.0,31,XPS 9730 Performance Engineering,0.915280380085653,
2026-08-17T17:52:47,charge,76.09876116060703,12.802,27.14,0.0,27.14,27.168333333333333,27.168333333333333,2.11998125292923,79.18,104.049,103.317,0.0,100.0,31,XPS 9730 Performance Engineering,0.91536715538924,
2026-08-17T17:52:48,charge,76.09876116060703,12.802,27.14,0.0,27.14,27.166153846153847,27.166153846153847,2.11998125292923,79.18,104.049,103.317,0.0,100.0,31,XPS 9730 Performance Engineering,0.9154405934986974,
2026-08-17T17:52:49,charge,76.11029418831511,12.806,27.2,0.0,27.2,27.16857142857143,27.16857142857143,2.12400437295018,79.192,104.049,103.317,0.0,100.0,31,XPS 9730 Performance Engineering,0.9149174466295094,
2026-08-17T17:52:50,charge,76.12086613038088,12.805,27.198,0.0,27.198,27.17053333333333,27.17053333333333,2.124014057008981,79.203,104.049,103.317,0.0,100.0,31,XPS 9730 Performance Engineering,0.9144465327634351,
2026-08-17T17:52:51,charge,76.12086613038088,12.805,27.198,0.0,27.198,27.17225,27.17225,2.124014057008981,79.203,104.049,103.317,0.0,100.0,31,XPS 9730 Performance Engineering,0.9143887605921485,
2026-08-17T17:52:52,charge,76.13239915808897,12.807,27.087,0.0,27.087,27.16723529411765,27.16723529411765,2.115015226048255,79.215,104.049,103.317,0.0,100.0,31,XPS 9730 Performance Engineering,0.9141158359009447,
2026-08-17T17:52:53,charge,76.14393218579708,12.806,26.995,0.0,26.995,27.157666666666668,27.157666666666668,2.107996251756989,79.227,104.049,103.317,0.0,100.0,31,XPS 9730 Performance Engineering,0.9139960477704271,
2026-08-17T17:52:54,charge,76.14393218579708,12.807,26.997,0.0,26.997,27.14921052631579,27.14921052631579,2.107987819161396,79.227,104.049,103.317,0.0,100.0,31,XPS 9730 Performance Engineering,0.9142807293029749,
2026-08-17T17:52:55,charge,76.15450412786284,12.807,27.189,0.0,27.189,27.1512,27.1512,2.122979620520028,79.238,104.049,103.317,0.0,100.0,31,XPS 9730 Performance Engineering,0.9138085977783673,
2026-08-17T17:52:57,charge,76.16603715557093,12.808,27.191,0.0,27.191,27.15309523809524,27.15309523809524,2.1229700187382887,79.25,104.049,103.317,0.0,100.0,31,XPS 9730 Performance Engineering,0.913302876984997,
2026-08-17T17:52:58,charge,76.16603715557093,12.807,27.189,0.0,27.189,27.15472727272727,27.15472727272727,2.122979620520028,79.25,104.049,103.317,0.0,100.0,31,XPS 9730 Performance Engineering,0.9132479862873368,
2026-08-17T17:52:59,charge,76.17660909763669,12.807,27.189,0.0,27.189,27.156217391304345,27.156217391304345,2.122979620520028,79.261,104.049,103.317,0.0,100.0,31,XPS 9730 Performance Engineering,0.9127928106783142,
2026-08-17T17:53:00,charge,76.18814212534478,12.808,27.166,0.0,27.166,27.156625000000002,27.156625000000002,2.1210181136789505,79.273,104.049,103.317,0.0,100.0,31,XPS 9730 Performance Engineering,0.9123372289450552,
2026-08-17T17:53:01,charge,76.18814212534478,12.808,27.166,0.0,27.166,27.156999999999996,27.156999999999996,2.1210181136789505,79.273,104.049,103.317,0.0,100.0,31,XPS 9730 Performance Engineering,0.9123246308502417,
2026-08-17T17:53:02,charge,76.19967515305288,12.808,27.204,0.0,27.204,27.158807692307693,27.158807692307693,2.1239850093691444,79.285,104.049,103.317,0.0,100.0,31,XPS 9730 Performance Engineering,0.9118220608415746,
2026-08-17T17:53:03,charge,76.21024709511865,12.808,27.204,0.0,27.204,27.16048148148148,27.16048148148148,2.1239850093691444,79.296,104.049,103.317,0.0,100.0,31,XPS 9730 Performance Engineering,0.911360868800395,
2026-08-17T17:53:04,charge,76.21024709511865,12.809,27.065,0.0,27.065,27.15707142857143,27.15707142857143,2.1129674447653994,79.296,104.049,103.317,0.0,100.0,31,XPS 9730 Performance Engineering,0.9114753063527258,
2026-08-17T17:53:05,charge,76.21024709511865,12.809,27.065,0.0,27.065,27.153896551724138,27.153896551724138,2.1129674447653994,79.296,104.049,103.317,0.0,100.0,31,XPS 9730 Performance Engineering,0.9115818774977364,
2026-08-17T17:53:06,charge,76.23331315053483,12.809,26.873,0.0,26.873,27.144533333333335,27.144533333333335,2.0979779842298387,79.32,104.049,103.317,0.0,100.0,31,XPS 9730 Performance Engineering,0.9110121620559577,
2026-08-17T17:53:07,charge,76.23331315053483,12.809,27.206,0.0,27.206,27.14651612903226,27.14651612903226,2.123975329846202,79.32,104.049,103.317,0.0,100.0,31,XPS 9730 Performance Engineering,0.9109456212524156,
2026-08-17T17:53:09,charge,76.2438850926006,12.809,27.206,0.0,27.206,27.148375,27.148375,2.123975329846202,79.331,104.049,103.317,0.0,100.0,31,XPS 9730 Performance Engineering,0.910478067287637,
2026-08-17T17:53:11,charge,76.2438850926006,12.812,27.187,0.0,27.187,27.187,27.187,2.12199500468311,79.331,104.049,103.317,0.0,100.0,31,XPS 9730 Performance Engineering,0.9091845367271123,
2026-08-17T17:53:12,charge,76.2554181203087,12.811,27.198,0.0,27.198,27.192500000000003,27.192500000000003,2.123019280305987,79.343,104.049,103.317,0.0,100.0,31,XPS 9730 Performance Engineering,0.9085593454077411,
2026-08-17T17:53:13,charge,76.27752309008255,12.811,27.159,0.0,27.159,27.18133333333333,27.18133333333333,2.1199750214659274,79.366,104.049,103.317,0.0,100.0,31,XPS 9730 Performance Engineering,0.9080864318650057,
2026-08-17T17:53:14,charge,76.27752309008255,12.813,27.202,0.0,27.202,27.186500000000002,27.186500000000002,2.123000078045735,79.366,104.049,103.317,0.0,100.0,31,XPS 9730 Performance Engineering,0.9079138543026871,
2026-08-17T17:53:15,charge,76.27752309008255,12.813,27.202,0.0,27.202,27.189600000000002,27.189600000000002,2.123000078045735,79.366,104.049,103.317,0.0,100.0,31,XPS 9730 Performance Engineering,0.9078103392473594,
2026-08-17T17:53:16,charge,76.28905611779065,12.813,27.215,0.0,27.215,27.193833333333334,27.193833333333334,2.1240146725981424,79.378,104.049,103.317,0.0,100.0,31,XPS 9730 Performance Engineering,0.90722774158357,
2026-08-17T17:53:17,charge,76.28905611779065,12.812,27.213,0.0,27.213,27.196571428571428,27.196571428571428,2.1240243521698408,79.378,104.049,103.317,0.0,100.0,31,XPS 9730 Performance Engineering,0.9071364037483719,
2026-08-17T17:53:19,charge,76.2996280598564,12.812,27.213,0.0,27.213,27.198625,27.198625,2.1240243521698408,79.389,104.049,103.317,0.0,100.0,31,XPS 9730 Performance Engineering,0.9066634802310782,
2026-08-17T17:53:20,charge,76.3111610875645,12.811,27.172,0.0,27.172,27.195666666666668,27.195666666666668,2.1209897744126143,79.401,104.049,103.317,0.0,100.0,31,XPS 9730 Performance Engineering,0.9063208599409223,
2026-08-17T17:53:21,charge,76.3111610875645,12.813,27.215,0.0,27.215,27.1976,27.1976,2.1240146725981424,79.401,104.049,103.317,0.0,100.0,31,XPS 9730 Performance Engineering,0.9062564343912701,
2026-08-17T17:53:22,charge,76.32173302963027,12.813,27.215,0.0,27.215,27.19918181818182,27.19918181818182,2.1240146725981424,79.412,104.049,103.317,0.0,100.0,31,XPS 9730 Performance Engineering,0.9057993054603914,
2026-08-17T17:53:23,charge,76.32173302963027,12.815,27.219,0.0,27.219,27.200833333333335,27.200833333333335,2.1239953179867346,79.412,104.049,103.317,0.0,100.0,31,XPS 9730 Performance Engineering,0.9057443093042492,
2026-08-17T17:53:24,charge,76.32173302963027,12.813,27.189,0.0,27.189,27.199923076923078,27.199923076923078,2.121985483493327,79.412,104.049,103.317,0.0,100.0,31,XPS 9730 Performance Engineering,0.9057746204033382,
2026-08-17T17:53:25,charge,76.33326605733836,12.813,27.189,0.0,27.189,27.199142857142856,27.199142857142856,2.121985483493327,79.424,104.049,103.317,0.0,100.0,31,XPS 9730 Performance Engineering,0.9053594125865311,
2026-08-17T17:53:26,charge,76.34479908504646,12.815,27.219,0.0,27.219,27.200466666666667,27.200466666666667,2.1239953179867346,79.436,104.049,103.317,0.0,100.0,31,XPS 9730 Performance Engineering,0.9048741810802265,
2026-08-17T17:53:27,charge,76.34479908504646,12.816,27.221,0.0,27.221,27.20175,27.20175,2.123985642946317,79.436,104.049,103.317,0.0,100.0,31,XPS 9730 Performance Engineering,0.9048314906210078,
2026-08-17T17:53:28,charge,76.35537102711223,12.816,27.221,0.0,27.221,27.202882352941177,27.202882352941177,2.123985642946317,79.447,104.049,103.317,0.0,100.0,31,XPS 9730 Performance Engineering,0.9043894569995827,
2026-08-17T17:53:29,charge,76.36690405482032,12.814,27.191,0.0,27.191,27.202222222222222,27.202222222222222,2.121975963789605,79.459,104.049,103.317,0.0,100.0,31,XPS 9730 Performance Engineering,0.9039702638673313,
2026-08-17T17:53:30,charge,76.37747599688608,12.815,27.219,0.0,27.219,27.203105263157898,27.203105263157898,2.1239953179867346,79.47,104.049,103.317,0.0,100.0,31,XPS 9730 Performance Engineering,0.9035365544568249,
2026-08-17T17:53:32,charge,76.37747599688608,12.815,27.219,0.0,27.219,27.203899999999997,27.203899999999997,2.1239953179867346,79.47,104.049,103.317,0.0,100.0,31,XPS 9730 Performance Engineering,0.9035101584699257,
2026-08-17T17:53:33,charge,76.38900902459417,12.817,27.223,0.0,27.223,27.204809523809526,27.204809523809526,2.12397596941562,79.482,104.049,103.317,0.0,100.0,31,XPS 9730 Performance Engineering,0.9030388534240271,
2026-08-17T17:53:34,charge,76.40054205230228,12.817,27.223,0.0,27.223,27.205636363636362,27.205636363636362,2.12397596941562,79.494,104.049,103.317,0.0,100.0,31,XPS 9730 Performance Engineering,0.902570322994567,
2026-08-17T17:53:35,charge,76.40054205230228,12.817,27.223,0.0,27.223,27.206391304347825,27.206391304347825,2.12397596941562,79.494,104.049,103.317,0.0,100.0,31,XPS 9730 Performance Engineering,0.9025452778838735,
2026-08-17T17:53:36,charge,76.41111399436802,12.818,26.982,0.0,26.982,27.197041666666667,27.197041666666667,2.10500858168201,79.505,104.049,103.317,0.0,100.0,31,XPS 9730 Performance Engineering,0.9024510937923705,
2026-08-17T17:53:37,charge,76.42264702207613,12.817,27.223,0.0,27.223,27.19808,27.19808,2.12397596941562,79.517,104.049,103.317,0.0,100.0,31,XPS 9730 Performance Engineering,0.9019754335600164,
2026-08-17T17:53:38,charge,76.42264702207613,12.817,27.223,0.0,27.223,27.19903846153846,27.19903846153846,2.12397596941562,79.517,104.049,103.317,0.0,100.0,31,XPS 9730 Performance Engineering,0.9019436490260548,
2026-08-17T17:53:39,charge,76.43418004978423,12.818,27.225,0.0,27.225,27.2,27.2,2.1239662973942894,79.529,104.049,103.317,0.0,100.0,31,XPS 9730 Performance Engineering,0.9014705882352945,
2026-08-17T17:53:40,charge,76.44475199184998,12.819,27.228,0.0,27.228,27.201,27.201,2.124034636087058,79.54,104.049,103.317,0.0,100.0,31,XPS 9730 Performance Engineering,0.9010330502555053,
2026-08-17T17:53:41,charge,76.44475199184998,12.817,27.223,0.0,27.223,27.201758620689656,27.201758620689656,2.12397596941562,79.54,104.049,103.317,0.0,100.0,31,XPS 9730 Performance Engineering,0.9010079216480679,
2026-08-17T17:53:42,charge,76.4562850195581,12.817,27.21,0.0,27.21,27.202033333333336,27.202033333333336,2.122961691503472,79.552,104.049,103.317,0.0,100.0,31,XPS 9730 Performance Engineering,0.9005576788990037,
2026-08-17T17:53:44,charge,76.46685696162385,12.819,27.215,0.0,27.215,27.202451612903225,27.202451612903225,2.1230205164209375,79.563,104.049,103.317,0.0,100.0,31,XPS 9730 Performance Engineering,0.9001394561211278,
2026-08-17T17:53:45,charge,76.46685696162385,12.816,27.208,0.0,27.208,27.202625,27.202625,2.122971285892634,79.563,104.049,103.317,0.0,100.0,31,XPS 9730 Performance Engineering,0.9001337187128081,
2026-08-17T17:53:46,charge,76.47838998933196,12.816,27.131,0.0,27.131,27.200454545454544,27.200454545454544,2.1169631710362045,79.575,104.049,103.317,0.0,100.0,31,XPS 9730 Performance Engineering,0.8997643755953278,
2026-08-17T17:53:47,charge,76.48992301704006,12.819,27.228,0.0,27.228,27.201264705882352,27.201264705882352,2.124034636087058,79.587,104.049,103.317,0.0,100.0,31,XPS 9730 Performance Engineering,0.8992964211222879,
2026-08-17T17:53:48,charge,76.48992301704006,12.82,27.23,0.0,27.23,27.202085714285715,27.202085714285715,2.12402496099844,79.587,104.049,103.317,0.0,100.0,31,XPS 9730 Performance Engineering,0.8992692787212746,
2026-08-17T17:53:49,charge,76.48992301704006,12.82,27.217,0.0,27.217,27.2025,27.2025,2.1230109204368173,79.587,104.049,103.317,0.0,100.0,31,XPS 9730 Performance Engineering,0.899255583126551,
2026-08-17T17:53:50,charge,76.50049495910581,12.82,27.217,0.0,27.217,27.202891891891895,27.202891891891895,2.1230109204368173,79.598,104.049,103.317,0.0,100.0,31,XPS 9730 Performance Engineering,0.8988382594457864,
2026-08-17T17:53:51,charge,76.50049495910581,12.82,27.217,0.0,27.217,27.203263157894735,27.203263157894735,2.1230109204368173,79.598,104.049,103.317,0.0,100.0,31,XPS 9730 Performance Engineering,0.8988259922377737,
2026-08-17T17:53:52,charge,76.52259992887966,12.82,27.23,0.0,27.23,27.203948717948716,27.203948717948716,2.12402496099844,79.621,104.049,103.317,0.0,100.0,31,XPS 9730 Performance Engineering,0.8979578756477665,
2026-08-17T17:53:53,charge,76.52259992887966,12.822,27.234,0.0,27.234,27.204700000000003,27.204700000000003,2.12400561534862,79.621,104.049,103.317,0.0,100.0,31,XPS 9730 Performance Engineering,0.8979330777402438,
2026-08-17T17:53:54,charge,76.52259992887966,12.821,27.232,0.0,27.232,27.205365853658538,27.205365853658538,2.124015287419078,79.621,104.049,103.317,0.0,100.0,31,XPS 9730 Performance Engineering,0.8979111007512869,
2026-08-17T17:53:56,charge,76.53413295658775,12.821,27.232,0.0,27.232,27.206,27.206,2.124015287419078,79.633,104.049,103.317,0.0,100.0,31,XPS 9730 Performance Engineering,0.8974490921120345,
2026-08-17T17:53:57,charge,76.54566598429585,12.823,27.236,0.0,27.236,27.206697674418603,27.206697674418603,2.1239959447867114,79.645,104.049,103.317,0.0,100.0,31,XPS 9730 Performance Engineering,0.896985010530923,
2026-08-17T17:53:58,charge,76.54566598429585,12.823,27.236,0.0,27.236,27.207363636363638,27.207363636363638,2.1239959447867114,79.645,104.049,103.317,0.0,100.0,31,XPS 9730 Performance Engineering,0.8969630547879756,
2026-08-17T17:53:59,charge,76.54566598429585,12.823,27.236,0.0,27.236,27.208,27.208,2.1239959447867114,79.645,104.049,103.317,0.0,100.0,31,XPS 9730 Performance Engineering,0.8969420758600416,
2026-08-17T17:54:00,charge,76.55623792636162,12.822,27.221,0.0,27.221,27.20828260869565,27.20828260869565,2.122991732958977,79.656,104.049,103.317,0.0,100.0,31,XPS 9730 Performance Engineering,0.8965284707901447,
2026-08-17T17:54:01,charge,76.55623792636162,12.823,27.082,0.0,27.082,27.205595744680853,27.205595744680853,2.1119862746627156,79.656,104.049,103.317,0.0,100.0,31,XPS 9730 Performance Engineering,0.8966170132396104,
2026-08-17T17:54:02,charge,76.56777095406972,12.823,27.082,0.0,27.082,27.203020833333337,27.203020833333337,2.1119862746627156,79.668,104.049,103.317,0.0,100.0,31,XPS 9730 Performance Engineering,0.896260755354223,
2026-08-17T17:54:03,charge,76.57834289613548,12.822,27.003,0.0,27.003,27.198938775510204,27.198938775510204,2.105989705194198,79.679,104.049,103.317,0.0,100.0,31,XPS 9730 Performance Engineering,0.8959908399787508,
2026-08-17T17:54:04,charge,76.57834289613548,12.823,27.082,0.0,27.082,27.1966,27.1966,2.1119862746627156,79.679,104.049,103.317,0.0,100.0,31,XPS 9730 Performance Engineering,0.8960678908392963,
2026-08-17T17:54:05,charge,76.58987592384358,12.823,27.082,0.0,27.082,27.194352941176472,27.194352941176472,2.1119862746627156,79.691,104.049,103.317,0.0,100.0,31,XPS 9730 Performance Engineering,0.8957006644978197,
2026-08-17T17:54:06,charge,76.60140895155168,12.826,27.14,0.0,27.14,27.19330769230769,27.19330769230769,2.116014345859972,79.703,104.049,103.317,0.0,100.0,31,XPS 9730 Performance Engineering,0.8952938081484982,
2026-08-17T17:54:08,charge,76.60140895155168,12.825,27.24,0.0,27.24,27.194188679245283,27.194188679245283,2.1239766081871343,79.703,104.049,103.317,0.0,100.0,31,XPS 9730 Performance Engineering,0.895264804078563,
2026-08-17T17:54:09,charge,76.61198089361743,12.825,27.24,0.0,27.24,27.195037037037036,27.195037037037036,2.1239766081871343,79.714,104.049,103.317,0.0,100.0,31,XPS 9730 Performance Engineering,0.8948323904416114,
2026-08-17T17:54:10,charge,76.62351392132553,12.825,26.561,0.0,26.561,27.18350909090909,27.18350909090909,2.0710331384015594,79.726,104.049,103.317,0.0,100.0,31,XPS 9730 Performance Engineering,0.8947704256524514,
2026-08-17T17:54:11,charge,76.62351392132553,12.827,27.219,0.0,27.219,27.184142857142856,27.184142857142856,2.122008263818508,79.726,104.049,103.317,0.0,100.0,31,XPS 9730 Performance Engineering,0.8947495651351369,
2026-08-17T17:54:12,charge,76.63408586339128,12.827,27.219,0.0,27.219,27.18475438596491,27.18475438596491,2.122008263818508,79.737,104.049,103.317,0.0,100.0,31,XPS 9730 Performance Engineering,0.8943247989230294,
2026-08-17T17:54:13,charge,76.64561889109937,12.825,27.24,0.0,27.24,27.185706896551725,27.185706896551725,2.1239766081871343,79.749,104.049,103.317,0.0,100.0,31,XPS 9730 Performance Engineering,0.8938520558787552,
2026-08-17T17:54:14,charge,76.64561889109937,12.826,26.96,0.0,26.96,27.1818813559322,27.1818813559322,2.1019803524091687,79.749,104.049,103.317,0.0,100.0,31,XPS 9730 Performance Engineering,0.8939778553884665,
2026-08-17T17:54:15,charge,76.65715191880747,12.826,26.96,0.0,26.96,27.178183333333333,27.178183333333333,2.1019803524091687,79.761,104.049,103.317,0.0,100.0,31,XPS 9730 Performance Engineering,0.8936579646297187,
2026-08-17T17:54:16,charge,76.66772386087324,12.828,27.208,0.0,27.208,27.178672131147543,27.178672131147543,2.1209853445587776,79.772,104.049,103.317,0.0,100.0,31,XPS 9730 Performance Engineering,0.8932371634218972,
2026-08-17T17:54:17,charge,76.66772386087324,12.827,27.245,0.0,27.245,27.179622950819674,27.17974193548387,2.1240352381694865,79.772,104.049,103.317,0.0,100.0,31,XPS 9730 Performance Engineering,0.8932020052885689,
2026-08-17T17:54:19,charge,76.67925688858134,12.827,27.245,0.0,27.245,27.18039344262295,27.18077777777778,2.1240352381694865,79.784,104.049,103.317,0.0,100.0,31,XPS 9730 Performance Engineering,0.892726477453429,
2026-08-17T17:54:20,charge,76.67925688858134,12.826,26.768,0.0,26.768,27.17398360655738,27.174328125,2.0870107593949787,79.784,104.049,103.317,0.0,100.0,31,XPS 9730 Performance Engineering,0.8929383603665455,
2026-08-17T17:54:21,charge,76.7013618583552,12.825,27.125,0.0,27.125,27.17272131147541,27.17356923076923,2.115009746588694,79.807,104.049,103.317,0.0,100.0,31,XPS 9730 Performance Engineering,0.8921168873373564,
2026-08-17T17:54:22,charge,76.7013618583552,12.825,27.125,0.0,27.125,27.171459016393445,27.172833333333333,2.115009746588694,79.807,104.049,103.317,0.0,100.0,31,XPS 9730 Performance Engineering,0.8921410477376303,
2026-08-17T17:54:23,charge,76.7128948860633,12.828,27.247,0.0,27.247,27.171983606557376,27.173940298507464,2.1240255690676646,79.819,104.049,103.317,0.0,100.0,31,XPS 9730 Performance Engineering,0.8916631056752136,
2026-08-17T17:54:24,charge,76.7128948860633,12.83,27.135,0.0,27.135,27.170704918032786,27.173367647058825,2.1149649259547934,79.819,104.049,103.317,0.0,100.0,31,XPS 9730 Performance Engineering,0.8916818965801833,
2026-08-17T17:54:25,charge,76.7128948860633,12.828,27.131,0.0,27.131,27.1693606557377,27.172753623188406,2.114982850015591,79.819,104.049,103.317,0.0,100.0,31,XPS 9730 Performance Engineering,0.8917020459539609,
2026-08-17T17:54:26,charge,76.73499985583715,12.828,27.247,0.0,27.247,27.170590163934424,27.173814285714286,2.1240255690676646,79.842,104.049,103.317,0.0,100.0,31,XPS 9730 Performance Engineering,0.890820837497444,
2026-08-17T17:54:27,charge,76.74653288354524,12.829,27.249,0.0,27.249,27.171147540983608,27.174873239436618,2.1240159014732245,79.854,104.049,103.317,0.0,100.0,31,XPS 9730 Performance Engineering,0.8903445394875966,
2026-08-17T17:54:28,charge,76.74653288354524,12.831,27.253,0.0,27.253,27.17177049180328,27.175958333333334,2.1239965708050814,79.854,104.049,103.317,0.0,100.0,31,XPS 9730 Performance Engineering,0.890308989410064,
2026-08-17T17:54:29,charge,76.74653288354524,12.831,27.253,0.0,27.253,27.17232786885246,27.177013698630137,2.1239965708050814,79.854,104.049,103.317,0.0,100.0,31,XPS 9730 Performance Engineering,0.8902744160304692,
2026-08-17T17:54:31,charge,76.7686378533191,12.83,27.251,0.0,27.251,27.173344262295082,27.178013513513513,2.1240062353858145,79.877,104.049,103.317,0.0,100.0,31,XPS 9730 Performance Engineering,0.8893953926390226,
2026-08-17T17:54:32,charge,76.7686378533191,12.832,27.255,0.0,27.255,27.1744262295082,27.17904,2.1239869077306732,79.877,104.049,103.317,0.0,100.0,31,XPS 9730 Performance Engineering,0.8893618023300311,
2026-08-17T17:54:33,charge,76.7686378533191,12.832,27.255,0.0,27.255,27.175016393442622,27.18003947368421,2.1239869077306732,79.877,104.049,103.317,0.0,100.0,31,XPS 9730 Performance Engineering,0.8893290984144231,
2026-08-17T17:54:34,charge,76.7686378533191,12.829,27.197,0.0,27.197,27.17462295081967,27.180259740259743,2.1199625847688828,79.877,104.049,103.317,0.0,100.0,31,XPS 9730 Performance Engineering,0.8893218913650093,
2026-08-17T17:54:35,charge,76.7686378533191,12.831,27.202,0.0,27.202,27.174311475409837,27.18053846153846,2.1200218221494818,79.877,104.049,103.317,0.0,100.0,31,XPS 9730 Performance Engineering,0.8893127718644849,
2026-08-17T17:54:36,charge,76.77920979538486,12.831,27.253,0.0,27.253,27.17532786885246,27.181455696202534,2.1239965708050814,79.888,104.049,103.317,0.0,100.0,31,XPS 9730 Performance Engineering,0.8888780744504234,
2026-08-17T17:54:37,charge,76.79074282309296,12.833,27.244,0.0,27.244,27.175737704918035,27.182237500000003,2.1229642328372167,79.9,104.049,103.317,0.0,100.0,31,XPS 9730 Performance Engineering,0.8884110441607317,
2026-08-17T17:54:38,charge,76.79074282309296,12.832,27.242,0.0,27.242,27.17611475409836,27.182975308641975,2.1229738154613464,79.9,104.049,103.317,0.0,100.0,31,XPS 9730 Performance Engineering,0.8883869306360508,
2026-08-17T17:54:39,charge,76.80227585080107,12.832,27.242,0.0,27.242,27.176426229508195,27.18369512195122,2.1229738154613464,79.912,104.049,103.317,0.0,100.0,31,XPS 9730 Performance Engineering,0.8879219654177563,
2026-08-17T17:54:40,charge,76.81284779286682,12.832,27.255,0.0,27.255,27.176950819672133,27.184554216867472,2.1239869077306732,79.923,104.049,103.317,0.0,100.0,31,XPS 9730 Performance Engineering,0.8874892634814775,
2026-08-17T17:54:41,charge,76.81284779286682,12.834,27.259,0.0,27.259,27.177540983606555,27.18544047619048,2.1239675860994236,79.923,104.049,103.317,0.0,100.0,31,XPS 9730 Performance Engineering,0.8874603308756395,
2026-08-17T17:54:43,charge,76.82438082057492,12.834,27.259,0.0,27.259,27.182081967213115,27.186305882352944,2.1239675860994236,79.935,104.049,103.317,0.0,100.0,31,XPS 9730 Performance Engineering,0.8869906821600495,
2026-08-17T17:54:44,charge,76.83495276264067,12.834,27.247,0.0,27.247,27.182475409836066,27.187011627906976,2.1230325697366372,79.946,104.049,103.317,0.0,100.0,31,XPS 9730 Performance Engineering,0.8865630518677057,
2026-08-17T17:54:45,charge,76.83495276264067,12.834,27.247,0.0,27.247,27.182868852459016,27.187701149425287,2.1230325697366372,79.946,104.049,103.317,0.0,100.0,31,XPS 9730 Performance Engineering,0.8865405672781391,
2026-08-17T17:54:46,charge,76.84648579034878,12.834,27.247,0.0,27.247,27.18322950819672,27.188375000000004,2.1230325697366372,79.958,104.049,103.317,0.0,100.0,31,XPS 9730 Performance Engineering,0.8860772296983547,
2026-08-17T17:54:47,charge,76.85801881805688,12.834,27.247,0.0,27.247,27.183540983606555,27.189033707865168,2.1230325697366372,79.97,104.049,103.317,0.0,100.0,31,XPS 9730 Performance Engineering,0.8856144083206055,
2026-08-17T17:54:48,charge,76.85801881805688,12.834,27.247,0.0,27.247,27.18393442622951,27.189677777777778,2.1230325697366372,79.97,104.049,103.317,0.0,100.0,31,XPS 9730 Performance Engineering,0.8855934298596161,
2026-08-17T17:54:49,charge,76.86859076012263,12.834,27.247,0.0,27.247,27.18454098360656,27.190307692307695,2.1230325697366372,79.981,104.049,103.317,0.0,100.0,31,XPS 9730 Performance Engineering,0.8851683575029567,
2026-08-17T17:54:50,charge,76.88012378783073,12.837,27.253,0.0,27.253,27.18516393442623,27.190989130434783,2.1230038170912207,79.993,104.049,103.317,0.0,100.0,31,XPS 9730 Performance Engineering,0.8847048514713358,
2026-08-17T17:54:51,charge,76.88012378783073,12.835,27.249,0.0,27.249,27.18583606557377,27.19161290322581,2.123022984028048,79.993,104.049,103.317,0.0,100.0,31,XPS 9730 Performance Engineering,0.8846845564334357,
2026-08-17T17:54:52,charge,76.89165681553882,12.835,27.249,0.0,27.249,27.187770491803278,27.19222340425532,2.123022984028048,80.005,104.049,103.317,0.0,100.0,31,XPS 9730 Performance Engineering,0.8842233914655673,
2026-08-17T17:54:54,charge,76.90222875760459,12.835,27.185,0.0,27.185,27.187065573770493,27.19214736842105,2.118036618620958,80.016,104.049,103.317,0.0,100.0,31,XPS 9730 Performance Engineering,0.8838213354164942,
2026-08-17T17:54:55,charge,76.90222875760459,12.838,27.268,0.0,27.268,27.187688524590165,27.1929375,2.1240068546502573,80.016,104.049,103.317,0.0,100.0,31,XPS 9730 Performance Engineering,0.8837956546621711,
2026-08-17T17:54:56,charge,76.9137617853127,12.838,27.268,0.0,27.268,27.188524590163933,27.193711340206185,2.1240068546502573,80.028,104.049,103.317,0.0,100.0,31,XPS 9730 Performance Engineering,0.8833292263599453,
2026-08-17T17:54:57,charge,76.92433372737845,12.836,26.506,0.0,26.506,27.176868852459016,27.18669387755102,2.064973511997507,80.039,104.049,103.317,0.0,100.0,31,XPS 9730 Performance Engineering,0.8831526226815641,
2026-08-17T17:54:58,charge,76.92433372737845,12.836,27.251,0.0,27.251,27.1774262295082,27.187343434343436,2.123013399813026,80.039,104.049,103.317,0.0,100.0,31,XPS 9730 Performance Engineering,0.8831315225036013,
2026-08-17T17:54:59,charge,76.93586675508655,12.836,27.251,0.0,27.251,27.17777049180328,27.187980000000003,2.123013399813026,80.051,104.049,103.317,0.0,100.0,31,XPS 9730 Performance Engineering,0.8826694737895203,
2026-08-17T17:55:00,charge,76.94739978279465,12.839,27.257,0.0,27.257,27.178147540983606,27.18866336633663,2.1229846561258667,80.063,104.049,103.317,0.0,100.0,31,XPS 9730 Performance Engineering,0.882205928140551,
2026-08-17T17:55:01,charge,76.94739978279465,12.837,27.06,0.0,27.06,27.17532786885246,27.187401960784317,2.107969151670951,80.063,104.049,103.317,0.0,100.0,31,XPS 9730 Performance Engineering,0.8822468595784885,
2026-08-17T17:55:02,charge,76.9579717248604,12.837,27.06,0.0,27.06,27.17250819672131,27.186165048543693,2.107969151670951,80.074,104.049,103.317,0.0,100.0,31,XPS 9730 Performance Engineering,0.8818823823511033,
2026-08-17T17:55:03,charge,76.9579717248604,12.838,26.87,0.0,26.87,27.16650819672131,27.183125,2.093005140987693,80.074,104.049,103.317,0.0,100.0,31,XPS 9730 Performance Engineering,0.8819810084381398,
2026-08-17T17:55:04,charge,76.9579717248604,12.839,27.09,0.0,27.09,27.16411475409836,27.182238095238098,2.1099774125710726,80.074,104.049,103.317,0.0,100.0,31,XPS 9730 Performance Engineering,0.8820097858020033,
2026-08-17T17:55:05,charge,76.98007669463425,12.839,27.09,0.0,27.09,27.16172131147541,27.181367924528303,2.1099774125710726,80.097,104.049,103.317,0.0,100.0,31,XPS 9730 Performance Engineering,0.8811918541592556,
2026-08-17T17:55:07,charge,76.99160972234235,12.838,27.268,0.0,27.268,27.16249180327869,27.182177570093458,2.1240068546502573,80.109,104.049,103.317,0.0,100.0,31,XPS 9730 Performance Engineering,0.8807241413336739,
2026-08-17T17:55:08,charge,76.99160972234235,12.841,27.274,0.0,27.274,27.165639344262296,27.183027777777777,2.123977883342419,80.109,104.049,103.317,0.0,100.0,31,XPS 9730 Performance Engineering,0.8806965947910721,
2026-08-17T17:55:09,charge,76.99160972234235,12.84,27.246,0.0,27.246,27.246,27.246,2.12196261682243,80.109,104.049,103.317,0.0,100.0,31,XPS 9730 Performance Engineering,0.8786610878661093,
2026-08-17T17:55:10,charge,76.99160972234235,12.84,27.246,0.0,27.246,27.246,27.246,2.12196261682243,80.109,104.049,103.317,0.0,100.0,31,XPS 9730 Performance Engineering,0.8786610878661093,
2026-08-17T17:55:12,charge,77.01371469211622,12.841,27.249,0.0,27.249,27.247,27.247,2.1220309944708355,80.132,104.049,103.317,0.0,100.0,31,XPS 9730 Performance Engineering,0.8777847102433296,
2026-08-17T17:55:13,charge,77.01371469211622,12.842,27.276,0.0,27.276,27.276,27.276,2.123968229247781,80.132,104.049,103.317,0.0,100.0,31,XPS 9730 Performance Engineering,0.8768514444933275,
2026-08-17T17:55:14,charge,77.02524771982432,12.84,27.028,0.0,27.028,27.152,27.152,2.1049844236760125,80.144,104.049,103.317,0.0,100.0,31,XPS 9730 Performance Engineering,0.8804139658220389,
2026-08-17T17:55:15,charge,77.02524771982432,12.841,27.03,0.0,27.03,27.111333333333334,27.111333333333334,2.1049762479557668,80.144,104.049,103.317,0.0,100.0,31,XPS 9730 Performance Engineering,0.8817345759460988,
2026-08-17T17:55:17,charge,77.04735268959817,12.841,27.261,0.0,27.261,27.14875,27.14875,2.1229655011291957,80.167,104.049,103.317,0.0,100.0,31,XPS 9730 Performance Engineering,0.8796721764353793,
2026-08-17T17:55:18,charge,77.04735268959817,12.842,27.276,0.0,27.276,27.174200000000003,27.174200000000003,2.123968229247781,80.167,104.049,103.317,0.0,100.0,31,XPS 9730 Performance Engineering,0.8788483193617477,
2026-08-17T17:55:19,charge,77.04735268959817,12.841,27.274,0.0,27.274,27.190833333333334,27.190833333333334,2.123977883342419,80.167,104.049,103.317,0.0,100.0,31,XPS 9730 Performance Engineering,0.878310705200895,
2026-08-17T17:55:20,charge,77.05888571730627,12.841,27.274,0.0,27.274,27.202714285714286,27.202714285714286,2.123977883342419,80.179,104.049,103.317,0.0,100.0,31,XPS 9730 Performance Engineering,0.8774859651610397,
2026-08-17T17:55:21,charge,77.06945765937202,12.843,27.279,0.0,27.279,27.21225,27.21225,2.1240364400840925,80.19,104.049,103.317,0.0,100.0,31,XPS 9730 Performance Engineering,0.8767742468924844,
2026-08-17T17:55:22,charge,77.06945765937202,12.843,27.266,0.0,27.266,27.218222222222224,27.218222222222224,2.1230242155259673,80.19,104.049,103.317,0.0,100.0,31,XPS 9730 Performance Engineering,0.8765818650903809,
2026-08-17T17:55:23,charge,77.08099068708012,12.843,27.266,0.0,27.266,27.223000000000003,27.223000000000003,2.1230242155259673,80.202,104.049,103.317,0.0,100.0,31,XPS 9730 Performance Engineering,0.8759872166917683,
2026-08-17T17:55:24,charge,77.09156262914587,12.844,27.268,0.0,27.268,27.227090909090908,27.227090909090908,2.123014637184678,80.213,104.049,103.317,0.0,100.0,31,XPS 9730 Performance Engineering,0.8754515889922475,
2026-08-17T17:55:25,charge,77.09156262914587,12.845,27.129,0.0,27.129,27.21891666666667,27.21891666666667,2.1120280264694435,80.213,104.049,103.317,0.0,100.0,31,XPS 9730 Performance Engineering,0.875714500026024,
2026-08-17T17:55:30,charge,77.11462868456206,12.845,27.283,0.0,27.283,27.283,27.283,2.124017127286882,80.237,104.049,103.317,0.0,100.0,31,XPS 9730 Performance Engineering,0.8727779203166811,
2026-08-17T17:55:31,charge,77.13673365433594,12.844,27.281,0.0,27.281,27.282,27.282,2.1240267829336656,80.26,104.049,103.317,0.0,100.0,31,XPS 9730 Performance Engineering,0.8719668645993696,
2026-08-17T17:55:32,charge,77.14826668204404,12.845,27.167,0.0,27.167,27.243666666666666,27.243666666666666,2.114986376021798,80.272,104.049,103.317,0.0,100.0,31,XPS 9730 Performance Engineering,0.8727533004612693,
2026-08-17T17:55:33,charge,77.14826668204404,12.847,27.248,0.0,27.248,27.24475,27.24475,2.1209620923172725,80.272,104.049,103.317,0.0,100.0,31,XPS 9730 Performance Engineering,0.8727185971609209,
2026-08-17T17:55:35,charge,77.15883862410979,12.847,27.248,0.0,27.248,27.2454,27.2454,2.1209620923172725,80.283,104.049,103.317,0.0,100.0,31,XPS 9730 Performance Engineering,0.8722940386267042,
2026-08-17T17:55:36,charge,77.17037165181789,12.846,27.285,0.0,27.285,27.252,27.252,2.124007473143391,80.295,104.049,103.317,0.0,100.0,31,XPS 9730 Performance Engineering,0.8716424482606784,
2026-08-17T17:55:37,charge,77.17037165181789,12.846,25.743,0.0,25.743,27.03642857142857,27.03642857142857,2.003970107426436,80.295,104.049,103.317,0.0,100.0,31,XPS 9730 Performance Engineering,0.8785923753665692,
2026-08-17T17:55:38,charge,77.18094359388364,12.846,25.743,0.0,25.743,26.87475,26.87475,2.003970107426436,80.306,104.049,103.317,0.0,100.0,31,XPS 9730 Performance Engineering,0.8834686834296137,
2026-08-17T17:55:39,charge,77.18094359388364,12.848,27.238,0.0,27.238,26.91511111111111,26.91511111111111,2.120018679950187,80.306,104.049,103.317,0.0,100.0,31,XPS 9730 Performance Engineering,0.882143859707063,
2026-08-17T17:55:40,charge,77.18094359388364,12.846,27.285,0.0,27.285,26.9521,26.9521,2.124007473143391,80.306,104.049,103.317,0.0,100.0,31,XPS 9730 Performance Engineering,0.8809332111412471,
2026-08-17T17:55:41,charge,77.20400964929985,12.846,27.285,0.0,27.285,26.982363636363633,26.982363636363633,2.124007473143391,80.33,104.049,103.317,0.0,100.0,31,XPS 9730 Performance Engineering,0.8790556794673966,
2026-08-17T17:55:42,charge,77.2145815913656,12.848,27.289,0.0,27.289,27.00791666666667,27.00791666666667,2.123988169364882,80.341,104.049,103.317,0.0,100.0,31,XPS 9730 Performance Engineering,0.8778166895509036,
2026-08-17T17:55:43,charge,77.2145815913656,12.848,27.135,0.0,27.135,27.017692307692307,27.017692307692307,2.1120018679950188,80.341,104.049,103.317,0.0,100.0,31,XPS 9730 Performance Engineering,0.8774990746804093,
2026-08-17T17:55:44,charge,77.2145815913656,12.848,27.135,0.0,27.135,27.02607142857143,27.02607142857143,2.1120018679950188,80.341,104.049,103.317,0.0,100.0,31,XPS 9730 Performance Engineering,0.8772270162409318,
2026-08-17T17:55:45,charge,77.2261146190737,12.847,27.261,0.0,27.261,27.041733333333333,27.041733333333333,2.121974001712462,80.353,104.049,103.317,0.0,100.0,31,XPS 9730 Performance Engineering,0.8762751894602422,
2026-08-17T17:55:47,charge,77.2261146190737,12.847,27.21,0.0,27.21,27.05225,27.05225,2.1180042033159494,80.353,104.049,103.317,0.0,100.0,31,XPS 9730 Performance Engineering,0.8759345340960553,
2026-08-17T17:55:48,charge,77.23668656113946,12.847,27.21,0.0,27.21,27.061529411764706,27.061529411764706,2.1180042033159494,80.364,104.049,103.317,0.0,100.0,31,XPS 9730 Performance Engineering,0.8752276946218422,
2026-08-17T17:55:49,charge,77.23668656113946,12.85,27.268,0.0,27.268,27.073,27.073,2.122023346303502,80.364,104.049,103.317,0.0,100.0,31,XPS 9730 Performance Engineering,0.8748568684667382,
2026-08-17T17:55:50,charge,77.23668656113946,12.849,27.304,0.0,27.304,27.085157894736845,27.085157894736845,2.124990271616468,80.364,104.049,103.317,0.0,100.0,31,XPS 9730 Performance Engineering,0.8744641656529698,
2026-08-17T17:55:51,charge,77.25975261655566,12.849,27.304,0.0,27.304,27.0961,27.0961,2.124990271616468,80.388,104.049,103.317,0.0,100.0,31,XPS 9730 Performance Engineering,0.8732252981056315,
2026-08-17T17:55:52,charge,77.25975261655566,12.853,27.3,0.0,27.3,27.105809523809523,27.105809523809523,2.124017739049249,80.388,104.049,103.317,0.0,100.0,31,XPS 9730 Performance Engineering,0.8729125016250251,
2026-08-17T17:55:53,charge,77.25975261655566,12.85,27.293,0.0,27.293,27.11431818181818,27.11431818181818,2.1239688715953307,80.388,104.049,103.317,0.0,100.0,31,XPS 9730 Performance Engineering,0.8726385757273498,
2026-08-17T17:55:54,charge,77.27032455862141,12.85,27.293,0.0,27.293,27.122086956521738,27.122086956521738,2.1239688715953307,80.399,104.049,103.317,0.0,100.0,31,XPS 9730 Performance Engineering,0.8719830460654563,
2026-08-17T17:55:55,charge,77.28185758632952,12.852,27.259,0.0,27.259,27.127791666666667,27.127791666666667,2.120992841581077,80.411,104.049,103.317,0.0,100.0,31,XPS 9730 Performance Engineering,0.8713573257437408,
2026-08-17T17:55:56,charge,77.28185758632952,12.851,26.165,0.0,26.165,27.08928,27.08928,2.0360283246439965,80.411,104.049,103.317,0.0,100.0,31,XPS 9730 Performance Engineering,0.8725960970538902,
2026-08-17T17:55:58,charge,77.29242952839527,12.851,26.165,0.0,26.165,27.05373076923077,27.05373076923077,2.0360283246439965,80.422,104.049,103.317,0.0,100.0,31,XPS 9730 Performance Engineering,0.8733361103331407,
2026-08-17T17:55:59,charge,77.30396255610337,12.851,27.218,0.0,27.218,27.059814814814814,27.059814814814814,2.1179674733483775,80.434,104.049,103.317,0.0,100.0,31,XPS 9730 Performance Engineering,0.8726962901117555,
2026-08-17T17:56:00,charge,77.31549558381147,12.852,27.298,0.0,27.298,27.06832142857143,27.06832142857143,2.124027388733271,80.446,104.049,103.317,0.0,100.0,31,XPS 9730 Performance Engineering,0.8719787099574756,
2026-08-17T17:56:01,charge,77.31549558381147,12.854,27.302,0.0,27.302,27.07637931034483,27.07637931034483,2.1240080908666563,80.446,104.049,103.317,0.0,100.0,31,XPS 9730 Performance Engineering,0.8717192106620482,
2026-08-17T17:56:02,charge,77.32606752587722,12.854,27.302,0.0,27.302,27.083900000000003,27.083900000000003,2.1240080908666563,80.457,104.049,103.317,0.0,100.0,31,XPS 9730 Performance Engineering,0.8710710052835822,
2026-08-17T17:56:03,charge,77.33760055358532,12.853,27.287,0.0,27.287,27.090451612903227,27.090451612903227,2.1230063020306544,80.469,104.049,103.317,0.0,100.0,31,XPS 9730 Performance Engineering,0.870417383103677,
2026-08-17T17:56:04,charge,77.33760055358532,12.853,27.287,0.0,27.287,27.09659375,27.09659375,2.1230063020306544,80.469,104.049,103.317,0.0,100.0,31,XPS 9730 Performance Engineering,0.8702200807066391,
2026-08-17T17:56:05,charge,77.34913358129342,12.853,27.287,0.0,27.287,27.102363636363638,27.102363636363638,2.1230063020306544,80.481,104.049,103.317,0.0,100.0,31,XPS 9730 Performance Engineering,0.8695920516828459,
2026-08-17T17:56:06,charge,77.3597055233592,12.852,27.208,0.0,27.208,27.105470588235296,27.105470588235296,2.1170245876128226,80.492,104.049,103.317,0.0,100.0,31,XPS 9730 Performance Engineering,0.8690865529641293,
2026-08-17T17:56:07,charge,77.3597055233592,12.854,27.212,0.0,27.212,27.108514285714286,27.108514285714286,2.1170063793371714,80.492,104.049,103.317,0.0,100.0,31,XPS 9730 Performance Engineering,0.8689889734168917,
2026-08-17T17:56:08,charge,77.3712385510673,12.854,27.276,0.0,27.276,27.113166666666665,27.113166666666665,2.121985374202583,80.504,104.049,103.317,0.0,100.0,31,XPS 9730 Performance Engineering,0.8683972731575681,
2026-08-17T17:56:10,charge,77.38181049313305,12.851,27.167,0.0,27.167,27.11462162162162,27.11462162162162,2.1139989105906154,80.515,104.049,103.317,0.0,100.0,31,XPS 9730 Performance Engineering,0.8679449902864818,
2026-08-17T17:56:11,charge,77.38181049313305,12.85,27.165,0.0,27.165,27.11594736842105,27.11594736842105,2.1140077821011674,80.515,104.049,103.317,0.0,100.0,31,XPS 9730 Performance Engineering,0.8679025549152473,
2026-08-17T17:56:12,charge,77.39334352084114,12.85,27.178,0.0,27.178,27.117538461538462,27.117538461538462,2.1150194552529182,80.527,104.049,103.317,0.0,100.0,31,XPS 9730 Performance Engineering,0.867409113602324,
2026-08-17T17:56:13,charge,77.40487654854924,12.855,27.073,0.0,27.073,27.116425,27.116425,2.1060287825748736,80.539,104.049,103.317,0.0,100.0,31,XPS 9730 Performance Engineering,0.8670021951640013,
2026-08-17T17:56:14,charge,77.40487654854924,12.857,27.077,0.0,27.077,27.115463414634146,27.115463414634146,2.106012289025434,80.539,104.049,103.317,0.0,100.0,31,XPS 9730 Performance Engineering,0.8670329413330888,
2026-08-17T17:56:15,charge,77.41544849061499,12.857,26.923,0.0,26.923,27.11088095238095,27.11088095238095,2.0940343781597575,80.55,104.049,103.317,0.0,100.0,31,XPS 9730 Performance Engineering,0.8667737518848965,
2026-08-17T17:56:16,charge,77.42698151832309,12.857,27.308,0.0,27.308,27.11546511627907,27.11546511627907,2.123979155323948,80.562,104.049,103.317,0.0,100.0,31,XPS 9730 Performance Engineering,0.8661846624898693,
2026-08-17T17:56:17,charge,77.42698151832309,12.856,27.268,0.0,27.268,27.118931818181817,27.118931818181817,2.1210329807093964,80.562,104.049,103.317,0.0,100.0,31,XPS 9730 Performance Engineering,0.8660739352666247,
2026-08-17T17:56:18,charge,77.42698151832309,12.856,27.268,0.0,27.268,27.122244444444444,27.122244444444444,2.1210329807093964,80.562,104.049,103.317,0.0,100.0,31,XPS 9730 Performance Engineering,0.8659681556999956,
2026-08-17T17:56:19,charge,77.43755346038884,12.856,27.293,0.0,27.293,27.125956521739134,27.125956521739134,2.122977598008712,80.573,104.049,103.317,0.0,100.0,31,XPS 9730 Performance Engineering,0.8654441358108794,
2026-08-17T17:56:20,charge,77.43755346038884,12.857,27.295,0.0,27.295,27.12955319148936,27.12955319148936,2.1229680329781444,80.573,104.049,103.317,0.0,100.0,31,XPS 9730 Performance Engineering,0.8653294005359631,
2026-08-17T17:56:22,charge,77.44908648809694,12.857,27.295,0.0,27.295,27.133,27.133,2.1229680329781444,80.585,104.049,103.317,0.0,100.0,31,XPS 9730 Performance Engineering,0.8647772085652163,
2026-08-17T17:56:23,charge,77.44908648809694,12.86,27.263,0.0,27.263,27.135653061224488,27.135653061224488,2.1199844479004666,80.585,104.049,103.317,0.0,100.0,31,XPS 9730 Performance Engineering,0.8646926590290511,
2026-08-17T17:56:24,charge,77.44908648809694,12.857,27.295,0.0,27.295,27.138840000000002,27.138840000000002,2.1229680329781444,80.585,104.049,103.317,0.0,100.0,31,XPS 9730 Performance Engineering,0.8645911173801095,
2026-08-17T17:56:25,charge,77.47119145787082,12.857,27.295,0.0,27.295,27.141901960784317,27.141901960784317,2.1229680329781444,80.608,104.049,103.317,0.0,100.0,31,XPS 9730 Performance Engineering,0.8636461819760634,
2026-08-17T17:56:26,charge,77.48272448557891,12.859,27.313,0.0,27.313,27.145192307692305,27.145192307692305,2.1240376390076987,80.62,104.049,103.317,0.0,100.0,31,XPS 9730 Performance Engineering,0.8630994297049345,
2026-08-17T17:56:27,charge,77.48272448557891,12.861,27.304,0.0,27.304,27.148188679245283,27.148188679245283,2.1230075421817896,80.62,104.049,103.317,0.0,100.0,31,XPS 9730 Performance Engineering,0.863004168595285,
2026-08-17T17:56:28,charge,77.48272448557891,12.861,27.304,0.0,27.304,27.15107407407407,27.15107407407407,2.1230075421817896,80.62,104.049,103.317,0.0,100.0,31,XPS 9730 Performance Engineering,0.8629124555470831,
2026-08-17T17:56:29,charge,77.49329642764467,12.859,27.171,0.0,27.171,27.151436363636364,27.151436363636364,2.1129947896414962,80.631,104.049,103.317,0.0,100.0,31,XPS 9730 Performance Engineering,0.8624958063494383,
2026-08-17T17:56:30,charge,77.51636248306086,12.859,27.313,0.0,27.313,27.15432142857143,27.15432142857143,2.1240376390076987,80.655,104.049,103.317,0.0,100.0,31,XPS 9730 Performance Engineering,0.861520331544177,
2026-08-17T17:56:31,charge,77.51636248306086,12.859,27.313,0.0,27.313,27.157105263157895,27.157105263157895,2.1240376390076987,80.655,104.049,103.317,0.0,100.0,31,XPS 9730 Performance Engineering,0.8614320183726273,
2026-08-17T17:56:32,charge,77.51636248306086,12.861,27.317,0.0,27.317,27.159862068965516,27.159862068965516,2.1240183500505405,80.655,104.049,103.317,0.0,100.0,31,XPS 9730 Performance Engineering,0.8613445804914963,
2026-08-17T17:56:34,charge,77.51636248306086,12.86,27.315,0.0,27.315,27.16249152542373,27.16249152542373,2.12402799377916,80.655,104.049,103.317,0.0,100.0,31,XPS 9730 Performance Engineering,0.8612611982999989,
2026-08-17T17:56:35,charge,77.52693442512661,12.86,27.315,0.0,27.315,27.165033333333334,27.165033333333334,2.12402799377916,80.666,104.049,103.317,0.0,100.0,31,XPS 9730 Performance Engineering,0.8607756785377284,
2026-08-17T17:56:36,charge,77.53846745283471,12.863,27.321,0.0,27.321,27.167590163934424,27.167590163934424,2.1239990670916584,80.678,104.049,103.317,0.0,100.0,31,XPS 9730 Performance Engineering,0.8602529653522795,
2026-08-17T17:56:37,charge,77.53846745283471,12.861,27.317,0.0,27.317,27.168147540983608,27.169999999999998,2.1240183500505405,80.678,104.049,103.317,0.0,100.0,31,XPS 9730 Performance Engineering,0.8601766654398237,
2026-08-17T17:56:38,charge,77.55000048054282,12.861,27.317,0.0,27.317,27.16873770491803,27.172333333333334,2.1240183500505405,80.69,104.049,103.317,0.0,100.0,31,XPS 9730 Performance Engineering,0.8596611749696386,
2026-08-17T17:56:39,charge,77.56057242260856,12.862,27.319,0.0,27.319,27.17122950819672,27.174625,2.1240087078214898,80.701,104.049,103.317,0.0,100.0,31,XPS 9730 Performance Engineering,0.8591838893820987,
2026-08-17T17:56:40,charge,77.56057242260856,12.864,27.323,0.0,27.323,27.172459016393443,27.176907692307694,2.1239894278606966,80.701,104.049,103.317,0.0,100.0,31,XPS 9730 Performance Engineering,0.8591117232446782,
2026-08-17T17:56:41,charge,77.57210545031667,12.864,27.323,0.0,27.323,27.173688524590165,27.179121212121213,2.1239894278606966,80.713,104.049,103.317,0.0,100.0,31,XPS 9730 Performance Engineering,0.858600240157608,
2026-08-17T17:56:42,charge,77.58267739238244,12.861,27.304,0.0,27.304,27.174,27.180985074626864,2.1230075421817896,80.724,104.049,103.317,0.0,100.0,31,XPS 9730 Performance Engineering,0.8581366692914165,
2026-08-17T17:56:43,charge,77.58267739238244,12.862,27.306,0.0,27.306,27.19962295081967,27.182823529411763,2.12299797854144,80.724,104.049,103.317,0.0,100.0,31,XPS 9730 Performance Engineering,0.858078630969384,
2026-08-17T17:56:44,charge,77.59421042009053,12.862,27.306,0.0,27.306,27.225245901639344,27.184608695652173,2.12299797854144,80.736,104.049,103.317,0.0,100.0,31,XPS 9730 Performance Engineering,0.8575808561750097,
2026-08-17T17:56:46,charge,77.60574344779863,12.864,27.31,0.0,27.31,27.226426229508196,27.1864,2.1229788557213927,80.748,104.049,103.317,0.0,100.0,31,XPS 9730 Balanced Engineering,0.8570829532413267,
2026-08-17T17:56:47,charge,77.60574344779863,12.864,27.22,0.0,27.22,27.225360655737706,27.18687323943662,2.1159825870646762,80.748,104.049,103.317,0.0,100.0,31,XPS 9730 Balanced Engineering,0.8570680340760973,
2026-08-17T17:56:48,charge,77.61631538986438,12.864,27.22,0.0,27.22,27.224295081967213,27.187333333333335,2.1159825870646762,80.759,104.049,103.317,0.0,100.0,31,XPS 9730 Balanced Engineering,0.8566489296486111,
2026-08-17T17:56:49,charge,77.6278484175725,12.865,27.312,0.0,27.312,27.22467213114754,27.18904109589041,2.1229692965410027,80.771,104.049,103.317,0.0,100.0,31,XPS 9730 Balanced Engineering,0.856153768641677,
2026-08-17T17:56:50,charge,77.63842035963823,12.865,27.3,0.0,27.3,27.227377049180326,27.19054054054054,2.122036533229693,80.782,104.049,103.317,0.0,100.0,31,XPS 9730 Balanced Engineering,0.8557020028825609,
2026-08-17T17:56:51,charge,77.63842035963823,12.864,27.297,0.0,27.297,27.230032786885246,27.191959999999998,2.1219682835820897,80.782,104.049,103.317,0.0,100.0,31,XPS 9730 Balanced Engineering,0.8556573340060817,
2026-08-17T17:56:52,charge,77.66148641505444,12.87,27.31,0.0,27.31,27.23083606557377,27.193513157894735,2.121989121989122,80.806,104.049,103.317,0.0,100.0,31,XPS 9730 Balanced Engineering,0.8547258997042159,
2026-08-17T17:56:53,charge,77.66148641505444,12.87,27.31,0.0,27.31,27.232475409836066,27.19502597402597,2.121989121989122,80.806,104.049,103.317,0.0,100.0,31,XPS 9730 Balanced Engineering,0.8546783526590286,
2026-08-17T17:56:55,charge,77.66148641505444,12.865,27.3,0.0,27.3,27.23395081967213,27.196371794871794,2.122036533229693,80.806,104.049,103.317,0.0,100.0,31,XPS 9730 Balanced Engineering,0.8546360586371583,
2026-08-17T17:56:56,charge,77.66148641505444,12.865,27.3,0.0,27.3,27.234475409836065,27.1976835443038,2.122036533229693,80.806,104.049,103.317,0.0,100.0,31,XPS 9730 Balanced Engineering,0.8545948393780747,
2026-08-17T17:56:57,charge,77.67205835712019,12.863,27.218,0.0,27.218,27.233065573770492,27.197937500000002,2.1159916038249245,80.817,104.049,103.317,0.0,100.0,31,XPS 9730 Balanced Engineering,0.8541824173248436,
2026-08-17T17:56:58,charge,77.67205835712019,12.87,27.323,0.0,27.323,27.23337704918033,27.19948148148148,2.122999222999223,80.817,104.049,103.317,0.0,100.0,31,XPS 9730 Balanced Engineering,0.8541339295683746,
2026-08-17T17:56:59,charge,77.68359138482829,12.87,27.323,0.0,27.323,27.233754098360656,27.20098780487805,2.122999222999223,80.829,104.049,103.317,0.0,100.0,31,XPS 9730 Balanced Engineering,0.8536454692956367,
2026-08-17T17:57:00,charge,77.69416332689406,12.867,27.33,0.0,27.33,27.234360655737706,27.2025421686747,2.1240382373513635,80.84,104.049,103.317,0.0,100.0,31,XPS 9730 Balanced Engineering,0.853192317691782,
2026-08-17T17:57:01,charge,77.69416332689406,12.867,27.175,0.0,27.175,27.232426229508196,27.202214285714284,2.111991917307842,80.84,104.049,103.317,0.0,100.0,31,XPS 9730 Balanced Engineering,0.8532026016789601,
2026-08-17T17:57:02,charge,77.70569635460217,12.867,27.175,0.0,27.175,27.23104918032787,27.20189411764706,2.111991917307842,80.852,104.049,103.317,0.0,100.0,31,XPS 9730 Balanced Engineering,0.8527714981785438,
2026-08-17T17:57:04,charge,77.71722938231026,12.866,27.315,0.0,27.315,27.249901639344262,27.203209302325583,2.1230374630809887,80.864,104.049,103.317,0.0,100.0,31,XPS 9730 Balanced Engineering,0.85228914509061,
2026-08-17T17:57:05,charge,77.72780132437602,12.867,27.317,0.0,27.317,27.268786885245902,27.20451724137931,2.1230279008315844,80.875,104.049,103.317,0.0,100.0,31,XPS 9730 Balanced Engineering,0.8518438241113611,
2026-08-17T17:57:06,charge,77.72780132437602,12.868,27.319,0.0,27.319,27.27044262295082,27.205818181818184,2.1230183400683864,80.875,104.049,103.317,0.0,100.0,31,XPS 9730 Balanced Engineering,0.8518030902480754,
2026-08-17T17:57:07,charge,77.72780132437602,12.868,27.229,0.0,27.229,27.26931147540984,27.20607865168539,2.1160242461921044,80.875,104.049,103.317,0.0,100.0,31,XPS 9730 Balanced Engineering,0.8517949351206627,
2026-08-17T17:57:08,charge,77.73933435208411,12.868,27.319,0.0,27.319,27.269590163934424,27.20733333333333,2.1230183400683864,80.887,104.049,103.317,0.0,100.0,31,XPS 9730 Balanced Engineering,0.8513145965548508,
2026-08-17T17:57:09,charge,77.73933435208411,12.87,27.323,0.0,27.323,27.269934426229508,27.208604395604397,2.122999222999223,80.887,104.049,103.317,0.0,100.0,31,XPS 9730 Balanced Engineering,0.8512748270081016,
2026-08-17T17:57:10,charge,77.76143932185796,12.87,27.323,0.0,27.323,27.270524590163934,27.209847826086957,2.122999222999223,80.91,104.049,103.317,0.0,100.0,31,XPS 9730 Balanced Engineering,0.8503906434131508,
2026-08-17T17:57:11,charge,77.76143932185796,12.874,27.138,0.0,27.138,27.268081967213117,27.209075268817205,2.10796955103309,80.91,104.049,103.317,0.0,100.0,31,XPS 9730 Balanced Engineering,0.8504147888670924,
2026-08-17T17:57:13,charge,77.76143932185796,12.87,27.323,0.0,27.323,27.26867213114754,27.21028723404255,2.122999222999223,80.91,104.049,103.317,0.0,100.0,31,XPS 9730 Balanced Engineering,0.8503769107975829,
2026-08-17T17:57:14,charge,77.77297234956606,12.87,27.323,0.0,27.323,27.27055737704918,27.211473684210528,2.122999222999223,80.922,104.049,103.317,0.0,100.0,31,XPS 9730 Balanced Engineering,0.849898842980322,
2026-08-17T17:57:15,charge,77.79507731933991,12.871,27.325,0.0,27.325,27.272409836065574,27.21265625,2.1229896666925647,80.945,104.049,103.317,0.0,100.0,31,XPS 9730 Balanced Engineering,0.8490167144194171,
2026-08-17T17:57:16,charge,77.79507731933991,12.874,27.216,0.0,27.216,27.271426229508197,27.212690721649484,2.1140282740407024,80.945,104.049,103.317,0.0,100.0,31,XPS 9730 Balanced Engineering,0.8490156389283204,
2026-08-17T17:57:17,charge,77.79507731933991,12.874,27.216,0.0,27.216,27.27222950819672,27.21272448979592,2.1140282740407024,80.945,104.049,103.317,0.0,100.0,31,XPS 9730 Balanced Engineering,0.8490145853886635,
2026-08-17T17:57:18,charge,77.80661034704801,12.87,27.31,0.0,27.31,27.274606557377048,27.213707070707073,2.121989121989122,80.957,104.049,103.317,0.0,100.0,31,XPS 9730 Balanced Engineering,0.8485429765228979,
2026-08-17T17:57:19,charge,77.81718228911379,12.877,27.325,0.0,27.325,27.277016393442622,27.21482,2.1220004659470373,80.968,104.049,103.317,0.0,100.0,31,XPS 9730 Balanced Engineering,0.8481040844657434,
2026-08-17T17:57:20,charge,77.81718228911379,12.871,27.312,0.0,27.312,27.280934426229507,27.21578217821782,2.121979644161293,80.968,104.049,103.317,0.0,100.0,31,XPS 9730 Balanced Engineering,0.8480741008602319,
2026-08-17T17:57:21,charge,77.82871531682189,12.871,27.312,0.0,27.312,27.284786885245904,27.21672549019608,2.121979644161293,80.98,104.049,103.317,0.0,100.0,31,XPS 9730 Balanced Engineering,0.8476038018721188,
2026-08-17T17:57:23,charge,77.83928725888764,12.872,27.314,0.0,27.314,27.291196721311476,27.217669902912622,2.121970167806091,80.991,104.049,103.317,0.0,100.0,31,XPS 9730 Balanced Engineering,0.8471702420614823,
2026-08-17T17:57:24,charge,77.83928725888764,12.878,27.327,0.0,27.327,27.29150819672131,27.218721153846154,2.121990992390123,80.991,104.049,103.317,0.0,100.0,31,XPS 9730 Balanced Engineering,0.8471375223571731,
2026-08-17T17:57:25,charge,77.85082028659573,12.878,27.327,0.0,27.327,27.29247540983607,27.219752380952382,2.121990992390123,81.003,104.049,103.317,0.0,100.0,31,XPS 9730 Balanced Engineering,0.8466645720159802,
2026-08-17T17:57:26,charge,77.86235331430383,12.872,27.314,0.0,27.314,27.29322950819672,27.22064150943396,2.121970167806091,81.015,104.049,103.317,0.0,100.0,31,XPS 9730 Balanced Engineering,0.8461960748433143,
2026-08-17T17:57:27,charge,77.86235331430383,12.874,27.319,0.0,27.319,27.293655737704917,27.22156074766355,2.12202889544819,81.015,104.049,103.317,0.0,100.0,31,XPS 9730 Balanced Engineering,0.8461674998549462,
2026-08-17T17:57:28,charge,77.87292525636958,12.874,27.319,0.0,27.319,27.294049180327868,27.22246296296296,2.12202889544819,81.026,104.049,103.317,0.0,100.0,31,XPS 9730 Balanced Engineering,0.8457353778504004,
2026-08-17T17:57:29,charge,77.88445828407768,12.878,27.34,0.0,27.34,27.2947868852459,27.22354128440367,2.123000465910856,81.038,104.049,103.317,0.0,100.0,31,XPS 9730 Balanced Engineering,0.845261083398543,
2026-08-17T17:57:30,charge,77.88445828407768,12.875,27.334,0.0,27.334,27.295950819672132,27.224545454545453,2.1230291262135923,81.038,104.049,103.317,0.0,100.0,31,XPS 9730 Balanced Engineering,0.8452299061675631,
2026-08-17T17:57:32,charge,77.88445828407768,12.875,27.334,0.0,27.334,27.29659016393443,27.225531531531534,2.1230291262135923,81.038,104.049,103.317,0.0,100.0,31,XPS 9730 Balanced Engineering,0.8451992929265524,
2026-08-17T17:57:33,charge,77.89503022614346,12.876,27.336,0.0,27.336,27.297262295081968,27.226517857142856,2.1230195712954334,81.049,104.049,103.317,0.0,100.0,31,XPS 9730 Balanced Engineering,0.8447646563060567,
2026-08-17T17:57:34,charge,77.90656325385156,12.875,27.334,0.0,27.334,27.297606557377048,27.227469026548675,2.1230291262135923,81.061,104.049,103.317,0.0,100.0,31,XPS 9730 Balanced Engineering,0.8442944137622598,
2026-08-17T17:57:35,charge,77.90656325385156,12.875,27.334,0.0,27.334,27.298098360655736,27.22840350877193,2.1230291262135923,81.061,104.049,103.317,0.0,100.0,31,XPS 9730 Balanced Engineering,0.8442654374720928,
2026-08-17T17:57:36,charge,77.91809628155963,12.875,27.334,0.0,27.334,27.298590163934424,27.229321739130434,2.1230291262135923,81.073,104.049,103.317,0.0,100.0,31,XPS 9730 Balanced Engineering,0.8437962656624641,
2026-08-17T17:57:37,charge,77.92866822362541,12.88,27.344,0.0,27.344,27.301426229508195,27.230310344827586,2.1229813664596273,81.084,104.049,103.317,0.0,100.0,31,XPS 9730 Balanced Engineering,0.843361669741756,
2026-08-17T17:57:38,charge,77.92866822362541,12.876,27.271,0.0,27.271,27.300737704918035,27.23065811965812,2.1179714196955577,81.084,104.049,103.317,0.0,100.0,31,XPS 9730 Balanced Engineering,0.8433508987952557,
2026-08-17T17:57:39,charge,77.9402012513335,12.876,27.271,0.0,27.271,27.30004918032787,27.230999999999998,2.1179714196955577,81.096,104.049,103.317,0.0,100.0,31,XPS 9730 Balanced Engineering,0.8428996364437591,
2026-08-17T17:57:41,charge,77.95077319339926,12.877,27.351,0.0,27.351,27.300606557377048,27.232008403361345,2.1240195697755686,81.107,104.049,103.317,0.0,100.0,31,XPS 9730 Balanced Engineering,0.8424644873849332,
2026-08-17T17:57:42,charge,77.95077319339926,12.882,27.348,0.0,27.348,27.301147540983603,27.232975,2.1229622729389845,81.107,104.049,103.317,0.0,100.0,31,XPS 9730 Balanced Engineering,0.8424345852775912,
2026-08-17T17:57:43,charge,77.96230622110735,12.882,27.348,0.0,27.348,27.301688524590165,27.23392561983471,2.1229622729389845,81.119,104.049,103.317,0.0,100.0,31,XPS 9730 Balanced Engineering,0.8419645525983181,
2026-08-17T17:57:44,charge,77.97383924881545,12.876,27.336,0.0,27.336,27.301934426229508,27.234762295081968,2.1230195712954334,81.131,104.049,103.317,0.0,100.0,31,XPS 9730 Balanced Engineering,0.841498073369949,
2026-08-17T17:57:45,charge,77.97383924881545,12.878,27.237,0.0,27.237,27.300622950819672,27.23478048780488,2.1150023295542786,81.131,104.049,103.317,0.0,100.0,31,XPS 9730 Balanced Engineering,0.8414975112526488,
2026-08-17T17:57:46,charge,77.9844111908812,12.878,27.237,0.0,27.237,27.299311475409837,27.234798387096774,2.1150023295542786,81.142,104.049,103.317,0.0,100.0,31,XPS 9730 Balanced Engineering,0.8410930631619005,
2026-08-17T17:57:47,charge,77.9844111908812,12.877,27.325,0.0,27.325,27.29940983606557,27.23552,2.1220004659470373,81.142,104.049,103.317,0.0,100.0,31,XPS 9730 Balanced Engineering,0.8410707781602852,
2026-08-17T17:57:48,charge,78.00747724629741,12.878,27.327,0.0,27.327,27.299475409836067,27.23624603174603,2.121990992390123,81.166,104.049,103.317,0.0,100.0,31,XPS 9730 Balanced Engineering,0.8401671791820369,
2026-08-17T17:57:49,charge,78.00747724629741,12.88,27.331,0.0,27.331,27.29960655737705,27.23699212598425,2.121972049689441,81.166,104.049,103.317,0.0,100.0,31,XPS 9730 Balanced Engineering,0.8401441647504643,
2026-08-17T17:57:51,charge,78.00747724629741,12.88,27.318,0.0,27.318,27.29983606557377,27.237625,2.1209627329192546,81.166,104.049,103.317,0.0,100.0,31,XPS 9730 Balanced Engineering,0.8401246437602401,
2026-08-17T17:57:52,charge,78.01804918836318,12.879,27.342,0.0,27.342,27.300426229508197,27.23843410852713,2.1229909154437454,81.177,104.049,103.317,0.0,100.0,31,XPS 9730 Balanced Engineering,0.8396958470105227,
2026-08-17T17:57:53,charge,78.01804918836318,12.879,27.342,0.0,27.342,27.301016393442623,27.23923076923077,2.1229909154437454,81.177,104.049,103.317,0.0,100.0,31,XPS 9730 Balanced Engineering,0.8396712885826438,
2026-08-17T17:57:54,charge,78.04015415813703,12.879,27.329,0.0,27.329,27.30132786885246,27.239916030534353,2.1219815203043715,81.2,104.049,103.317,0.0,100.0,31,XPS 9730 Balanced Engineering,0.8388058162289345,
2026-08-17T17:57:55,charge,78.04015415813703,12.885,27.355,0.0,27.355,27.30354098360656,27.24078787878788,2.123011253395421,81.2,104.049,103.317,0.0,100.0,31,XPS 9730 Balanced Engineering,0.8387789700382449,
2026-08-17T17:57:56,charge,78.04015415813703,12.88,27.331,0.0,27.331,27.305360655737704,27.24146616541353,2.121972049689441,81.2,104.049,103.317,0.0,100.0,31,XPS 9730 Balanced Engineering,0.8387580852388071,
2026-08-17T17:57:57,charge,78.05168718584513,12.88,27.331,0.0,27.331,27.30567213114754,27.24213432835821,2.121972049689441,81.212,104.049,103.317,0.0,100.0,31,XPS 9730 Balanced Engineering,0.8382970190491793,
2026-08-17T17:57:58,charge,78.07379215561897,12.875,26.883,0.0,26.883,27.29883606557377,27.239474074074074,2.088,81.235,104.049,103.317,0.0,100.0,31,XPS 9730 Balanced Engineering,0.8375345257386546,
2026-08-17T17:58:00,charge,78.07379215561897,12.887,27.372,0.0,27.372,27.300065573770492,27.240448529411765,2.1240009311709476,81.235,104.049,103.317,0.0,100.0,31,XPS 9730 Balanced Engineering,0.8375045651457435,
2026-08-17T17:58:01,charge,78.07379215561897,12.887,27.372,0.0,27.372,27.301081967213115,27.241408759124088,2.1240009311709476,81.235,104.049,103.317,0.0,100.0,31,XPS 9730 Balanced Engineering,0.8374750440304894,
2026-08-17T17:58:02,charge,78.08532518332709,12.881,27.359,0.0,27.359,27.301885245901637,27.242260869565214,2.123981057371322,81.247,104.049,103.317,0.0,100.0,31,XPS 9730 Balanced Engineering,0.8370083565815265,
2026-08-17T17:58:03,charge,78.09589712539284,12.883,27.144,0.0,27.144,27.29932786885246,27.241553956834533,2.106962663975782,81.258,104.049,103.317,0.0,100.0,31,XPS 9730 Balanced Engineering,0.8366262818968909,
2026-08-17T17:58:04,charge,78.09589712539284,12.882,27.142,0.0,27.142,27.29673770491803,27.240842857142855,2.1069709672411117,81.258,104.049,103.317,0.0,100.0,31,XPS 9730 Balanced Engineering,0.8366481213346141,
2026-08-17T17:58:05,charge,78.10743015310094,12.882,27.297,0.0,27.297,27.298032786885248,27.24124113475177,2.119003260363298,81.27,104.049,103.317,0.0,100.0,31,XPS 9730 Balanced Engineering,0.8361953806480844,
2026-08-17T17:58:06,charge,78.10743015310094,12.883,27.106,0.0,27.106,27.294475409836064,27.240288732394365,2.104013040440891,81.27,104.049,103.317,0.0,100.0,31,XPS 9730 Balanced Engineering,0.8362246165515509,
2026-08-17T17:58:07,charge,78.10743015310094,12.89,27.121,0.0,27.121,27.29116393442623,27.239454545454546,2.1040341349883627,81.27,104.049,103.317,0.0,100.0,31,XPS 9730 Balanced Engineering,0.8362502252748357,
2026-08-17T17:58:09,charge,78.11896318080903,12.89,27.133,0.0,27.133,27.28793442622951,27.23871527777778,2.1049650892164466,81.282,104.049,103.317,0.0,100.0,31,XPS 9730 Balanced Engineering,0.8358323719685143,
2026-08-17T17:58:10,charge,78.1295351228748,12.882,27.361,0.0,27.361,27.290983606557376,27.239558620689653,2.123971433007297,81.293,104.049,103.317,0.0,100.0,31,XPS 9730 Balanced Engineering,0.8354026699505993,
2026-08-17T17:58:11,charge,78.1295351228748,12.885,27.149,0.0,27.149,27.29055737704918,27.238938356164386,2.107023670935196,81.293,104.049,103.317,0.0,100.0,31,XPS 9730 Balanced Engineering,0.8354216931090539,
2026-08-17T17:58:13,charge,78.14106815058291,12.885,27.149,0.0,27.149,27.149,27.149,2.107023670935196,81.305,104.049,103.317,0.0,100.0,31,XPS 9730 Balanced Engineering,0.8377472466757523,
2026-08-17T17:58:14,charge,78.15164009264865,12.888,27.374,0.0,27.374,27.261499999999998,27.261499999999998,2.1239913097454997,81.316,104.049,103.317,0.0,100.0,31,XPS 9730 Balanced Engineering,0.8338866166571908,
2026-08-17T17:58:15,charge,78.16317312035676,12.885,27.136,0.0,27.136,27.219666666666665,27.219666666666665,2.1060147458284826,81.328,104.049,103.317,0.0,100.0,31,XPS 9730 Balanced Engineering,0.8347273417504503,
2026-08-17T17:58:16,charge,78.17470614806486,12.889,27.376,0.0,27.376,27.25875,27.25875,2.1239816898130193,81.34,104.049,103.317,0.0,100.0,31,XPS 9730 Balanced Engineering,0.8330902921080389,
2026-08-17T17:58:17,charge,78.17470614806486,12.892,27.37,0.0,27.37,27.281,27.281,2.123022029165374,81.34,104.049,103.317,0.0,100.0,31,XPS 9730 Balanced Engineering,0.8324108353799349,
2026-08-17T17:58:18,charge,78.18527809013061,12.892,27.37,0.0,27.37,27.295833333333334,27.295833333333334,2.123022029165374,81.351,104.049,103.317,0.0,100.0,31,XPS 9730 Balanced Engineering,0.8315554877118,
2026-08-17T17:58:19,charge,78.1968111178387,12.886,27.357,0.0,27.357,27.30457142857143,27.30457142857143,2.1230017072792178,81.363,104.049,103.317,0.0,100.0,31,XPS 9730 Balanced Engineering,0.830849883849905,
2026-08-17T17:58:21,charge,78.1968111178387,12.891,27.368,0.0,27.368,27.3125,27.3125,2.123031572414863,81.363,104.049,103.317,0.0,100.0,31,XPS 9730 Balanced Engineering,0.8306086956521742,
2026-08-17T17:58:22,charge,78.1968111178387,12.891,27.368,0.0,27.368,27.318666666666665,27.318666666666665,2.123031572414863,81.363,104.049,103.317,0.0,100.0,31,XPS 9730 Balanced Engineering,0.830421201620382,
2026-08-17T17:58:23,charge,78.21891608761256,12.887,27.359,0.0,27.359,27.322699999999998,27.322699999999998,2.1229921626445254,81.386,104.049,103.317,0.0,100.0,31,XPS 9730 Balanced Engineering,0.8294568252771509,
2026-08-17T17:58:24,charge,78.21891608761256,12.887,27.359,0.0,27.359,27.326,27.326,2.1229921626445254,81.386,104.049,103.317,0.0,100.0,31,XPS 9730 Balanced Engineering,0.8293566566639834,
2026-08-17T17:58:25,charge,78.23044911532065,12.887,27.359,0.0,27.359,27.32875,27.32875,2.1229921626445254,81.398,104.049,103.317,0.0,100.0,31,XPS 9730 Balanced Engineering,0.8288341032795137,
2026-08-17T17:58:26,charge,78.23044911532065,12.892,27.37,0.0,27.37,27.331923076923076,27.331923076923076,2.123022029165374,81.398,104.049,103.317,0.0,100.0,31,XPS 9730 Balanced Engineering,0.8287378804722574,
2026-08-17T17:58:27,charge,78.23044911532065,12.887,27.359,0.0,27.359,27.33385714285714,27.33385714285714,2.1229921626445254,81.398,104.049,103.317,0.0,100.0,31,XPS 9730 Balanced Engineering,0.8286792413385811,
2026-08-17T17:58:28,charge,78.25255408509453,12.887,27.359,0.0,27.359,27.335533333333334,27.335533333333334,2.1229921626445254,81.421,104.049,103.317,0.0,100.0,31,XPS 9730 Balanced Engineering,0.8277870317754912,
2026-08-17T17:58:29,charge,78.26408711280263,12.89,27.365,0.0,27.365,27.337375,27.337375,2.1229635376260667,81.433,104.049,103.317,0.0,100.0,31,XPS 9730 Balanced Engineering,0.8272923058633098,
2026-08-17T17:58:31,charge,78.26408711280263,12.888,27.361,0.0,27.361,27.338764705882355,27.338764705882355,2.1229826194909993,81.433,104.049,103.317,0.0,100.0,31,XPS 9730 Balanced Engineering,0.8272502522812898,
2026-08-17T17:58:32,charge,78.26408711280263,12.889,27.363,0.0,27.363,27.340111111111113,27.340111111111113,2.122973077818295,81.433,104.049,103.317,0.0,100.0,31,XPS 9730 Balanced Engineering,0.8272095130882179,
2026-08-17T17:58:33,charge,78.28619208257648,12.889,27.363,0.0,27.363,27.341315789473686,27.341315789473686,2.122973077818295,81.456,104.049,103.317,0.0,100.0,31,XPS 9730 Balanced Engineering,0.826331847887812,
2026-08-17T17:58:34,charge,78.28619208257648,12.895,27.376,0.0,27.376,27.343049999999998,27.343049999999998,2.12299340829779,81.456,104.049,103.317,0.0,100.0,31,XPS 9730 Balanced Engineering,0.8262794384679106,
2026-08-17T17:58:35,charge,78.28619208257648,12.889,27.363,0.0,27.363,27.344,27.344,2.122973077818295,81.456,104.049,103.317,0.0,100.0,31,XPS 9730 Balanced Engineering,0.8262507314218842,
2026-08-17T17:58:36,charge,78.29676402464223,12.889,27.363,0.0,27.363,27.344863636363637,27.344863636363637,2.122973077818295,81.467,104.049,103.317,0.0,100.0,31,XPS 9730 Balanced Engineering,0.8258223665072553,
2026-08-17T17:58:37,charge,78.30829705235033,12.891,27.38,0.0,27.38,27.346391304347826,27.346391304347826,2.123962454425568,81.479,104.049,103.317,0.0,100.0,31,XPS 9730 Balanced Engineering,0.8253374183383233,
2026-08-17T18:00:58,charge,79.65862237984027,13.056,41.949,0.0,41.949,41.949,41.949,3.2130055147058822,82.884,104.049,103.317,0.0,100.0,31,XPS 9730 Balanced Engineering,0.5045412286347709,
2026-08-17T18:00:59,charge,79.68072734961412,13.056,42.406,0.0,42.406,42.177499999999995,42.177499999999995,3.2480085784313726,82.907,104.049,103.317,0.0,100.0,31,XPS 9730 Balanced Engineering,0.5012625214865749,
2026-08-17T18:01:00,charge,79.69226037732221,13.055,41.45,0.0,41.45,41.935,41.935,3.1750287246265803,82.919,104.049,103.317,0.0,100.0,31,XPS 9730 Balanced Engineering,0.5038750447120546,
2026-08-17T18:01:01,charge,79.71436534709608,13.056,42.106,0.0,42.106,41.97775,41.97775,3.2250306372549025,82.942,104.049,103.317,0.0,100.0,31,XPS 9730 Balanced Engineering,0.5028139907450975,
2026-08-17T18:01:03,charge,79.71436534709608,13.056,42.106,0.0,42.106,42.0034,42.0034,3.2250306372549025,82.942,104.049,103.317,0.0,100.0,31,XPS 9730 Balanced Engineering,0.5025069399143882,
2026-08-17T18:01:04,charge,79.72493728916183,13.056,42.197,0.0,42.197,42.035666666666664,42.035666666666664,3.2320006127450984,82.953,104.049,103.317,0.0,100.0,31,XPS 9730 Balanced Engineering,0.5018595319847432,
2026-08-17T18:01:05,charge,79.74800334457804,13.056,41.466,0.0,41.466,41.95428571428572,41.95428571428572,3.176011029411765,82.977,104.049,103.317,0.0,100.0,31,XPS 9730 Balanced Engineering,0.5022609643149006,
2026-08-17T18:01:06,charge,79.74800334457804,13.055,41.998,0.0,41.998,41.95975,41.95975,3.217004978935274,82.977,104.049,103.317,0.0,100.0,31,XPS 9730 Balanced Engineering,0.5021955564558893,
2026-08-17T18:01:07,charge,79.75857528664379,13.055,41.998,0.0,41.998,41.964,41.964,3.217004978935274,82.988,104.049,103.317,0.0,100.0,31,XPS 9730 Balanced Engineering,0.5018825660089602,
2026-08-17T18:01:08,charge,79.77010831435189,13.058,42.086,0.0,42.086,41.9762,41.9762,3.2230050543727984,83.0,104.049,103.317,0.0,100.0,31,XPS 9730 Balanced Engineering,0.501450822132542,
2026-08-17T18:01:09,charge,79.77010831435189,13.057,41.769,0.0,41.769,41.95736363636364,41.95736363636364,3.19897373056598,83.0,104.049,103.317,0.0,100.0,31,XPS 9730 Balanced Engineering,0.5016759437610909,
2026-08-17T18:01:10,charge,79.79221328412574,13.057,41.769,0.0,41.769,41.94166666666667,41.94166666666667,3.19897373056598,83.023,104.049,103.317,0.0,100.0,31,XPS 9730 Balanced Engineering,0.5013153188952912,
2026-08-17T18:01:12,charge,79.81431825389961,13.057,41.939,0.0,41.939,41.94146153846154,41.94146153846154,3.2119935666692196,83.046,104.049,103.317,0.0,100.0,31,XPS 9730 Balanced Engineering,0.5007693873695755,
2026-08-17T18:01:13,charge,79.81431825389961,13.059,41.828,0.0,41.828,41.93335714285714,41.93335714285714,3.203001761237461,83.046,104.049,103.317,0.0,100.0,31,XPS 9730 Balanced Engineering,0.5008661703008345,
2026-08-17T18:01:14,charge,79.82585128160771,13.059,41.828,0.0,41.828,41.92633333333333,41.92633333333333,3.203001761237461,83.058,104.049,103.317,0.0,100.0,31,XPS 9730 Balanced Engineering,0.5006638628069868,
2026-08-17T18:01:15,charge,79.84795625138156,13.059,41.854,0.0,41.854,41.9218125,41.9218125,3.2049927253235317,83.081,104.049,103.317,0.0,100.0,31,XPS 9730 Balanced Engineering,0.5001692138191783,
2026-08-17T18:01:16,charge,79.85948927908966,13.058,41.838,0.0,41.838,41.91688235294117,41.91688235294117,3.204012865676214,83.093,104.049,103.317,0.0,100.0,31,XPS 9730 Balanced Engineering,0.49994176149719277,
2026-08-17T18:01:17,charge,79.85948927908966,13.058,41.838,0.0,41.838,41.912499999999994,41.912499999999994,3.204012865676214,83.093,104.049,103.317,0.0,100.0,31,XPS 9730 Balanced Engineering,0.4999940351923652,
2026-08-17T18:01:18,charge,79.87006122115541,13.059,41.776,0.0,41.776,41.90531578947368,41.90531578947368,3.1990198330653192,83.104,104.049,103.317,0.0,100.0,31,XPS 9730 Balanced Engineering,0.4998172572001293,
2026-08-17T18:01:19,charge,79.8931272765716,13.059,41.201,0.0,41.201,41.8701,41.8701,3.154988896546443,83.128,104.049,103.317,0.0,100.0,31,XPS 9730 Balanced Engineering,0.49966443834621854,
2026-08-17T18:01:20,charge,79.8931272765716,13.061,41.717,0.0,41.717,41.862809523809524,41.862809523809524,3.194012709593446,83.128,104.049,103.317,0.0,100.0,31,XPS 9730 Balanced Engineering,0.49975145571873675,
2026-08-17T18:01:22,charge,79.8931272765716,13.061,41.717,0.0,41.717,41.85618181818182,41.85618181818182,3.194012709593446,83.128,104.049,103.317,0.0,100.0,31,XPS 9730 Balanced Engineering,0.4998305887258971,
2026-08-17T18:01:23,charge,79.91523224634545,13.06,41.57,0.0,41.57,41.84373913043478,41.84373913043478,3.1830015313935682,83.151,104.049,103.317,0.0,100.0,31,XPS 9730 Balanced Engineering,0.49942955467858713,
2026-08-17T18:01:24,charge,79.91523224634545,13.06,41.544,0.0,41.544,41.831250000000004,41.831250000000004,3.1810107197549766,83.151,104.049,103.317,0.0,100.0,31,XPS 9730 Balanced Engineering,0.4995786642761096,
2026-08-17T18:01:25,charge,79.92580418841123,13.06,41.544,0.0,41.544,41.819759999999995,41.819759999999995,3.1810107197549766,83.162,104.049,103.317,0.0,100.0,31,XPS 9730 Balanced Engineering,0.4994528902126651,
2026-08-17T18:01:26,charge,79.93733721611933,13.063,40.6,0.0,40.6,41.77284615384615,41.77284615384615,3.108015004210365,83.174,104.049,103.317,0.0,100.0,31,XPS 9730 Balanced Engineering,0.49972654300640645,
2026-08-17T18:01:27,charge,79.93733721611933,13.061,41.573,0.0,41.573,41.76544444444444,41.76544444444444,3.182987520098002,83.174,104.049,103.317,0.0,100.0,31,XPS 9730 Balanced Engineering,0.49981510499110116,
2026-08-17T18:01:28,charge,79.95944218589318,13.061,41.573,0.0,41.573,41.75857142857143,41.75857142857143,3.182987520098002,83.197,104.049,103.317,0.0,100.0,31,XPS 9730 Balanced Engineering,0.49934658410591504,
2026-08-17T18:01:29,charge,79.97097521360128,13.061,41.508,0.0,41.508,41.74993103448276,41.74993103448276,3.1780108720618636,83.209,104.049,103.317,0.0,100.0,31,XPS 9730 Balanced Engineering,0.4991625011976068,
2026-08-17T18:01:31,charge,79.99308018337513,13.062,41.459,0.0,41.459,41.740233333333336,41.740233333333336,3.1740162302863273,83.232,104.049,103.317,0.0,100.0,31,XPS 9730 Balanced Engineering,0.49872744681989495,
2026-08-17T18:01:32,charge,79.99308018337513,13.062,41.459,0.0,41.459,41.73116129032258,41.73116129032258,3.1740162302863273,83.232,104.049,103.317,0.0,100.0,31,XPS 9730 Balanced Engineering,0.49883586644466205,
2026-08-17T18:01:33,charge,80.00461321108322,13.062,41.433,0.0,41.433,41.72184375,41.72184375,3.172025723472669,83.244,104.049,103.317,0.0,100.0,31,XPS 9730 Balanced Engineering,0.49865964995854256,
